lat,lon,intercept,per_km,max_elevation_m
35.5,6.5,0.9267,0.0537,94.0
35.5,6.75,0.9267,0.0537,94.0
35.5,7.0,0.9267,0.0537,93.0
35.5,7.25,0.9267,0.0537,92.0
35.5,7.5,0.9267,0.0537,74.0
35.5,7.75,0.9267,0.0537,97.0
35.5,8.0,0.9267,0.0537,206.0
35.5,8.25,0.9267,0.0537,206.0
35.5,8.5,0.9267,0.0537,206.0
35.5,8.75,0.9267,0.0537,206.0
35.5,9.0,0.9267,0.0537,206.0
35.5,9.25,0.9267,0.0537,206.0
35.5,9.5,0.9267,0.0537,120.0
35.5,9.75,0.9267,0.0537,120.0
35.5,10.0,0.9267,0.0537,120.0
35.5,10.25,0.9267,0.0537,120.0
35.5,10.5,0.9267,0.0537,120.0
35.5,10.75,0.9267,0.0537,120.0
35.5,11.0,0.9267,0.0537,120.0
35.5,11.25,0.9267,0.0537,120.0
35.5,11.5,0.9267,0.0537,120.0
35.5,11.75,0.9267,0.0537,120.0
35.5,12.0,0.9267,0.0537,225.0
35.5,12.25,0.9267,0.0537,225.0
35.5,12.5,0.9267,0.0537,225.0
35.5,12.75,0.9267,0.0537,81.0
35.5,13.0,0.9267,0.0537,81.0
35.5,13.25,0.9267,0.0537,80.0
35.5,13.5,0.9267,0.0537,60.0
35.5,13.75,0.9267,0.0537,56.0
35.5,14.0,0.9267,0.0537,55.0
35.5,14.25,0.9267,0.0537,55.0
35.5,14.5,0.9267,0.0537,55.0
35.5,14.75,0.9267,0.0537,50.0
35.5,15.0,0.9267,0.0537,50.0
35.5,15.25,0.9267,0.0537,50.0
35.5,15.5,0.9267,0.0537,53.0
35.5,15.75,0.9267,0.0537,50.0
35.5,16.0,0.9267,0.0537,50.0
35.5,16.25,0.9267,0.0537,50.0
35.5,16.5,0.9267,0.0537,50.0
35.5,16.75,0.9267,0.0537,50.0
35.5,17.0,0.9267,0.0537,50.0
35.5,17.25,0.9267,0.0537,50.0
35.5,17.5,0.9267,0.0537,50.0
35.5,17.75,0.9267,0.0537,50.0
35.5,18.0,0.9267,0.0537,53.0
35.5,18.25,0.9267,0.0537,50.0
35.5,18.5,0.9267,0.0537,50.0
35.5,18.75,0.9267,0.0537,50.0
35.75,6.5,0.9267,0.0537,95.0
35.75,6.75,0.9267,0.0537,94.0
35.75,7.0,0.9267,0.0537,94.0
35.75,7.25,0.9267,0.0537,93.0
35.75,7.5,0.9267,0.0537,94.0
35.75,7.75,0.9267,0.0537,104.0
35.75,8.0,0.9267,0.0537,206.0
35.75,8.25,0.9267,0.0537,206.0
35.75,8.5,0.9267,0.0537,206.0
35.75,8.75,0.9267,0.0537,206.0
35.75,9.0,0.9267,0.0537,206.0
35.75,9.25,0.9267,0.0537,206.0
35.75,9.5,0.9267,0.0537,206.0
35.75,9.75,0.9267,0.0537,121.0
35.75,10.0,0.9267,0.0537,121.0
35.75,10.25,0.9267,0.0537,121.0
35.75,10.5,0.9267,0.0537,120.0
35.75,10.75,0.9267,0.0537,120.0
35.75,11.0,0.9267,0.0537,120.0
35.75,11.25,0.9267,0.0537,120.0
35.75,11.5,0.9267,0.0537,120.0
35.75,11.75,0.9267,0.0537,120.0
35.75,12.0,0.9267,0.0537,225.0
35.75,12.25,0.9267,0.0537,225.0
35.75,12.5,0.9267,0.0537,225.0
35.75,12.75,0.9267,0.0537,225.0
35.75,13.0,0.9267,0.0537,81.0
35.75,13.25,0.9267,0.0537,81.0
35.75,13.5,0.9267,0.0537,80.0
35.75,13.75,0.9267,0.0537,60.0
35.75,14.0,0.9267,0.0537,59.0
35.75,14.25,0.9267,0.0537,55.0
35.75,14.5,0.9267,0.0537,55.0
35.75,14.75,0.9267,0.0537,55.0
35.75,15.0,0.9268,0.0537,50.0
35.75,15.25,0.9267,0.0537,50.0
35.75,15.5,0.9267,0.0537,50.0
35.75,15.75,0.9267,0.0537,50.0
35.75,16.0,0.9267,0.0537,50.0
35.75,16.25,0.9267,0.0537,50.0
35.75,16.5,0.9267,0.0537,50.0
35.75,16.75,0.9267,0.0537,50.0
35.75,17.0,0.9267,0.0537,53.0
35.75,17.25,0.9267,0.0537,50.0
35.75,17.5,0.9267,0.0537,50.0
35.75,17.75,0.9267,0.0537,50.0
35.75,18.0,0.9267,0.0537,50.0
35.75,18.25,0.9267,0.0537,50.0
35.75,18.5,0.9267,0.0537,50.0
35.75,18.75,0.9267,0.0537,50.0
36.0,6.5,0.9267,0.0537,94.0
36.0,6.75,0.9267,0.0537,95.0
36.0,7.0,0.9267,0.0537,94.0
36.0,7.25,0.9267,0.0537,94.0
36.0,7.5,0.9267,0.0537,94.0
36.0,7.75,0.9267,0.0537,104.0
36.0,8.0,0.9267,0.0537,206.0
36.0,8.25,0.9267,0.0537,206.0
36.0,8.5,0.9267,0.0537,206.0
36.0,8.75,0.9267,0.0537,206.0
36.0,9.0,0.9267,0.0537,206.0
36.0,9.25,0.9267,0.0537,206.0
36.0,9.5,0.9267,0.0537,206.0
36.0,9.75,0.9267,0.0537,120.0
36.0,10.0,0.9267,0.0537,120.0
36.0,10.25,0.9267,0.0537,121.0
36.0,10.5,0.9267,0.0537,120.0
36.0,10.75,0.9267,0.0537,120.0
36.0,11.0,0.9267,0.0537,120.0
36.0,11.25,0.9267,0.0537,120.0
36.0,11.5,0.9267,0.0537,120.0
36.0,11.75,0.9267,0.0537,120.0
36.0,12.0,0.9267,0.0537,120.0
36.0,12.25,0.9267,0.0537,225.0
36.0,12.5,0.9267,0.0537,225.0
36.0,12.75,0.9267,0.0537,225.0
36.0,13.0,0.9267,0.0537,225.0
36.0,13.25,0.9267,0.0537,224.0
36.0,13.5,0.9267,0.0537,81.0
36.0,13.75,0.9267,0.0537,80.0
36.0,14.0,0.9268,0.0537,60.0
36.0,14.25,0.9271,0.0537,61.0
36.0,14.5,0.9279,0.0538,220.0
36.0,14.75,0.9292,0.0538,55.0
36.0,15.0,0.9301,0.0539,50.0
36.0,15.25,0.929,0.0538,50.0
36.0,15.5,0.9275,0.0537,50.0
36.0,15.75,0.9268,0.0537,50.0
36.0,16.0,0.9267,0.0537,50.0
36.0,16.25,0.9267,0.0537,50.0
36.0,16.5,0.9267,0.0537,50.0
36.0,16.75,0.9267,0.0537,50.0
36.0,17.0,0.9267,0.0537,50.0
36.0,17.25,0.9267,0.0537,50.0
36.0,17.5,0.9267,0.0537,50.0
36.0,17.75,0.9267,0.0537,50.0
36.0,18.0,0.9267,0.0537,50.0
36.0,18.25,0.9267,0.0537,50.0
36.0,18.5,0.9267,0.0537,50.0
36.0,18.75,0.9267,0.0537,88.0
36.25,6.5,0.9267,0.0537,95.0
36.25,6.75,0.9267,0.0537,94.0
36.25,7.0,0.9267,0.0537,95.0
36.25,7.25,0.9267,0.0537,94.0
36.25,7.5,0.9267,0.0537,94.0
36.25,7.75,0.9267,0.0537,104.0
36.25,8.0,0.9267,0.0537,206.0
36.25,8.25,0.9267,0.0537,206.0
36.25,8.5,0.9267,0.0537,206.0
36.25,8.75,0.9267,0.0537,206.0
36.25,9.0,0.9267,0.0537,206.0
36.25,9.25,0.9267,0.0537,206.0
36.25,9.5,0.9267,0.0537,206.0
36.25,9.75,0.9267,0.0537,205.0
36.25,10.0,0.9267,0.0537,120.0
36.25,10.25,0.9267,0.0537,120.0
36.25,10.5,0.9267,0.0537,120.0
36.25,10.75,0.9267,0.0537,120.0
36.25,11.0,0.9267,0.0537,121.0
36.25,11.25,0.9267,0.0537,120.0
36.25,11.5,0.9267,0.0537,120.0
36.25,11.75,0.9267,0.0537,120.0
36.25,12.0,0.9267,0.0537,120.0
36.25,12.25,0.9267,0.0537,225.0
36.25,12.5,0.9267,0.0537,225.0
36.25,12.75,0.9267,0.0537,225.0
36.25,13.0,0.9267,0.0537,225.0
36.25,13.25,0.9267,0.0537,225.0
36.25,13.5,0.9267,0.0537,225.0
36.25,13.75,0.927,0.0537,220.0
36.25,14.0,0.9289,0.0539,221.0
36.25,14.25,0.9368,0.0546,300.0
36.25,14.5,0.9538,0.0564,300.0
36.25,14.75,0.9761,0.0583,300.0
36.25,15.0,0.9855,0.0581,300.0
36.25,15.25,0.9671,0.0562,90.0
36.25,15.5,0.9405,0.0544,50.0
36.25,15.75,0.9288,0.0538,51.0
36.25,16.0,0.9268,0.0537,50.0
36.25,16.25,0.9267,0.0537,50.0
36.25,16.5,0.9267,0.0537,50.0
36.25,16.75,0.9267,0.0537,50.0
36.25,17.0,0.9267,0.0537,90.0
36.25,17.25,0.9267,0.0537,90.0
36.25,17.5,0.9267,0.0537,90.0
36.25,17.75,0.9267,0.0537,90.0
36.25,18.0,0.9267,0.0537,90.0
36.25,18.25,0.9267,0.0537,90.0
36.25,18.5,0.9267,0.0537,1226.0
36.25,18.75,0.9267,0.0537,1248.0
36.5,6.5,0.9267,0.0537,95.0
36.5,6.75,0.9267,0.0537,95.0
36.5,7.0,0.9267,0.0537,94.0
36.5,7.25,0.9267,0.0537,94.0
36.5,7.5,0.9267,0.0537,94.0
36.5,7.75,0.9267,0.0537,104.0
36.5,8.0,0.9267,0.0537,206.0
36.5,8.25,0.9267,0.0537,206.0
36.5,8.5,0.9267,0.0537,206.0
36.5,8.75,0.9267,0.0537,206.0
36.5,9.0,0.9267,0.0537,207.0
36.5,9.25,0.9267,0.0537,207.0
36.5,9.5,0.9267,0.0537,207.0
36.5,9.75,0.9267,0.0537,207.0
36.5,10.0,0.9267,0.0537,121.0
36.5,10.25,0.9267,0.0537,121.0
36.5,10.5,0.9267,0.0537,120.0
36.5,10.75,0.9267,0.0537,120.0
36.5,11.0,0.9267,0.0537,121.0
36.5,11.25,0.9267,0.0537,120.0
36.5,11.5,0.9267,0.0537,120.0
36.5,11.75,0.9267,0.0537,120.0
36.5,12.0,0.9267,0.0537,120.0
36.5,12.25,0.9267,0.0537,120.0
36.5,12.5,0.9267,0.0537,225.0
36.5,12.75,0.9267,0.0537,226.0
36.5,13.0,0.9268,0.0537,226.0
36.5,13.25,0.9269,0.0537,305.0
36.5,13.5,0.9274,0.0538,359.0
36.5,13.75,0.9299,0.054,360.0
36.5,14.0,0.9472,0.0562,475.0
36.5,14.25,0.9995,0.0644,703.0
36.5,14.5,1.0707,0.0786,702.0
36.5,14.75,1.1322,0.0877,703.0
36.5,15.0,1.15,0.0837,300.0
36.5,15.25,1.0987,0.0707,300.0
36.5,15.5,1.0017,0.0592,300.0
36.5,15.75,0.94,0.0545,90.0
36.5,16.0,0.9277,0.0537,91.0
36.5,16.25,0.9267,0.0537,91.0
36.5,16.5,0.9267,0.0537,90.0
36.5,16.75,0.9267,0.0537,90.0
36.5,17.0,0.9267,0.0537,90.0
36.5,17.25,0.9267,0.0537,91.0
36.5,17.5,0.9267,0.0537,91.0
36.5,17.75,0.9267,0.0537,92.0
36.5,18.0,0.9267,0.0537,1052.0
36.5,18.25,0.9267,0.0537,1247.0
36.5,18.5,0.9267,0.0537,1248.0
36.5,18.75,0.9267,0.0537,1248.0
36.75,6.5,0.9267,0.0537,94.0
36.75,6.75,0.9267,0.0537,95.0
36.75,7.0,0.9267,0.0537,95.0
36.75,7.25,0.9267,0.0537,94.0
36.75,7.5,0.9267,0.0537,94.0
36.75,7.75,0.9267,0.0537,104.0
36.75,8.0,0.9267,0.0537,206.0
36.75,8.25,0.9267,0.0537,206.0
36.75,8.5,0.9267,0.0537,206.0
36.75,8.75,0.9267,0.0537,207.0
36.75,9.0,0.9267,0.0537,207.0
36.75,9.25,0.9267,0.0537,207.0
36.75,9.5,0.9267,0.0537,207.0
36.75,9.75,0.9267,0.0537,206.0
36.75,10.0,0.9267,0.0537,120.0
36.75,10.25,0.9267,0.0537,120.0
36.75,10.5,0.9267,0.0537,120.0
36.75,10.75,0.9267,0.0537,120.0
36.75,11.0,0.9267,0.0537,120.0
36.75,11.25,0.9267,0.0537,120.0
36.75,11.5,0.9267,0.0537,120.0
36.75,11.75,0.9267,0.0537,120.0
36.75,12.0,0.9267,0.0537,120.0
36.75,12.25,0.9267,0.0537,120.0
36.75,12.5,0.9268,0.0537,225.0
36.75,12.75,0.9272,0.0537,260.0
36.75,13.0,0.9289,0.054,305.0
36.75,13.25,0.933,0.0548,475.0
36.75,13.5,0.9384,0.0558,475.0
36.75,13.75,0.9453,0.0577,475.0
36.75,14.0,0.9792,0.0666,480.0
36.75,14.25,1.0572,0.0915,703.0
36.75,14.5,1.1392,0.1243,703.0
36.75,14.75,1.2107,0.1379,703.0
36.75,15.0,1.2438,0.1276,703.0
36.75,15.25,1.2009,0.1002,640.0
36.75,15.5,1.0768,0.0708,301.0
36.75,15.75,0.9599,0.0565,300.0
36.75,16.0,0.9294,0.0539,90.0
36.75,16.25,0.9268,0.0537,90.0
36.75,16.5,0.9267,0.0537,90.0
36.75,16.75,0.9267,0.0537,90.0
36.75,17.0,0.9267,0.0537,92.0
36.75,17.25,0.9267,0.0537,90.0
36.75,17.5,0.9267,0.0537,1033.0
36.75,17.75,0.9267,0.0537,1243.0
36.75,18.0,0.9267,0.0537,1247.0
36.75,18.25,0.9267,0.0537,1248.0
36.75,18.5,0.9267,0.0537,1248.0
36.75,18.75,0.9267,0.0537,1248.0
37.0,6.5,0.9267,0.0537,95.0
37.0,6.75,0.9267,0.0537,95.0
37.0,7.0,0.9267,0.0537,94.0
37.0,7.25,0.9267,0.0537,94.0
37.0,7.5,0.9267,0.0537,95.0
37.0,7.75,0.9267,0.0537,104.0
37.0,8.0,0.9267,0.0537,206.0
37.0,8.25,0.9267,0.0537,206.0
37.0,8.5,0.9267,0.0537,206.0
37.0,8.75,0.9267,0.0537,206.0
37.0,9.0,0.9267,0.0537,206.0
37.0,9.25,0.9267,0.0537,206.0
37.0,9.5,0.9267,0.0537,206.0
37.0,9.75,0.9267,0.0537,206.0
37.0,10.0,0.9267,0.0537,206.0
37.0,10.25,0.9267,0.0537,120.0
37.0,10.5,0.9267,0.0537,120.0
37.0,10.75,0.9267,0.0537,120.0
37.0,11.0,0.9267,0.0537,120.0
37.0,11.25,0.9267,0.0537,120.0
37.0,11.5,0.9267,0.0537,120.0
37.0,11.75,0.9267,0.0537,180.0
37.0,12.0,0.9267,0.0537,278.0
37.0,12.25,0.927,0.0537,279.0
37.0,12.5,0.9293,0.054,279.0
37.0,12.75,0.938,0.0552,305.0
37.0,13.0,0.9589,0.0592,350.0
37.0,13.25,0.9845,0.0664,475.0
37.0,13.5,0.9901,0.0703,475.0
37.0,13.75,0.9782,0.073,480.0
37.0,14.0,0.9869,0.094,572.0
37.0,14.25,1.0378,0.1355,642.0
37.0,14.5,1.1063,0.1764,703.0
37.0,14.75,1.1726,0.1871,703.0
37.0,15.0,1.2113,0.1655,703.0
37.0,15.25,1.1874,0.1223,642.0
37.0,15.5,1.0854,0.0792,639.0
37.0,15.75,0.968,0.0583,300.0
37.0,16.0,0.9305,0.054,92.0
37.0,16.25,0.9269,0.0537,90.0
37.0,16.5,0.9267,0.0537,92.0
37.0,16.75,0.9267,0.0537,508.0
37.0,17.0,0.9267,0.0537,1033.0
37.0,17.25,0.9267,0.0537,1230.0
37.0,17.5,0.9267,0.0537,1244.0
37.0,17.75,0.9267,0.0537,1247.0
37.0,18.0,0.9267,0.0537,1248.0
37.0,18.25,0.9267,0.0537,1248.0
37.0,18.5,0.9267,0.0537,1248.0
37.0,18.75,0.9267,0.0537,1249.0
37.25,6.5,0.9267,0.0537,94.0
37.25,6.75,0.9267,0.0537,95.0
37.25,7.0,0.9267,0.0537,94.0
37.25,7.25,0.9267,0.0537,94.0
37.25,7.5,0.9267,0.0537,96.0
37.25,7.75,0.9267,0.0537,104.0
37.25,8.0,0.9267,0.0537,206.0
37.25,8.25,0.9267,0.0537,206.0
37.25,8.5,0.9267,0.0537,206.0
37.25,8.75,0.9267,0.0537,207.0
37.25,9.0,0.9267,0.0537,207.0
37.25,9.25,0.9267,0.0537,207.0
37.25,9.5,0.9267,0.0537,206.0
37.25,9.75,0.9267,0.0537,206.0
37.25,10.0,0.9267,0.0537,679.0
37.25,10.25,0.9267,0.0537,281.0
37.25,10.5,0.9267,0.0537,120.0
37.25,10.75,0.9267,0.0537,120.0
37.25,11.0,0.9267,0.0537,180.0
37.25,11.25,0.9267,0.0537,280.0
37.25,11.5,0.9267,0.0537,280.0
37.25,11.75,0.9267,0.0537,280.0
37.25,12.0,0.9268,0.0538,280.0
37.25,12.25,0.9303,0.0545,280.0
37.25,12.5,0.9492,0.0577,281.0
37.25,12.75,0.9943,0.0655,350.0
37.25,13.0,1.0517,0.0819,459.0
37.25,13.25,1.0792,0.0993,560.0
37.25,13.5,1.0528,0.0961,560.0
37.25,13.75,1.0078,0.0851,575.0
37.25,14.0,0.9933,0.1075,650.0
37.25,14.25,1.0277,0.1477,650.0
37.25,14.5,1.081,0.1736,700.0
37.25,14.75,1.1083,0.1811,703.0
37.25,15.0,1.1025,0.157,703.0
37.25,15.25,1.0744,0.1113,809.0
37.25,15.5,1.0184,0.0749,797.0
37.25,15.75,0.9528,0.058,643.0
37.25,16.0,0.9294,0.0541,642.0
37.25,16.25,0.9268,0.0537,1029.0
37.25,16.5,0.9267,0.0537,1033.0
37.25,16.75,0.9267,0.0537,1033.0
37.25,17.0,0.9267,0.0537,1233.0
37.25,17.25,0.9267,0.0537,1244.0
37.25,17.5,0.9267,0.0537,1247.0
37.25,17.75,0.9267,0.0537,1248.0
37.25,18.0,0.9267,0.0537,1248.0
37.25,18.25,0.9267,0.0537,1248.0
37.25,18.5,0.9267,0.0537,1249.0
37.25,18.75,0.9267,0.0537,1249.0
37.5,6.5,0.9267,0.0537,95.0
37.5,6.75,0.9267,0.0537,95.0
37.5,7.0,0.9267,0.0537,95.0
37.5,7.25,0.9267,0.0537,94.0
37.5,7.5,0.9267,0.0537,96.0
37.5,7.75,0.9267,0.0537,104.0
37.5,8.0,0.9267,0.0537,206.0
37.5,8.25,0.9267,0.0537,206.0
37.5,8.5,0.9267,0.0537,207.0
37.5,8.75,0.9267,0.0537,206.0
37.5,9.0,0.9267,0.0537,207.0
37.5,9.25,0.9267,0.0537,207.0
37.5,9.5,0.9267,0.0537,206.0
37.5,9.75,0.9267,0.0537,678.0
37.5,10.0,0.9267,0.0537,721.0
37.5,10.25,0.9267,0.0537,724.0
37.5,10.5,0.9267,0.0537,589.0
37.5,10.75,0.9267,0.0537,590.0
37.5,11.0,0.9267,0.0537,590.0
37.5,11.25,0.9267,0.0537,590.0
37.5,11.5,0.9267,0.0537,590.0
37.5,11.75,0.9266,0.0537,590.0
37.5,12.0,0.9272,0.0546,310.0
37.5,12.25,0.9391,0.0597,310.0
37.5,12.5,0.9756,0.0703,310.0
37.5,12.75,1.0258,0.0779,459.0
37.5,13.0,1.0719,0.0888,730.0
37.5,13.25,1.0892,0.1051,1110.0
37.5,13.5,1.0537,0.1003,1110.0
37.5,13.75,0.998,0.0753,730.0
37.5,14.0,0.9818,0.0783,723.0
37.5,14.25,1.0214,0.0945,830.0
37.5,14.5,1.069,0.0947,1040.0
37.5,14.75,1.0579,0.0974,1401.0
37.5,15.0,1.0082,0.1059,1842.0
37.5,15.25,0.9691,0.1051,1854.0
37.5,15.5,0.9486,0.0839,1846.0
37.5,15.75,0.9367,0.0642,1040.0
37.5,16.0,0.9315,0.058,1033.0
37.5,16.25,0.9284,0.0552,1033.0
37.5,16.5,0.927,0.054,1033.0
37.5,16.75,0.9267,0.0537,1234.0
37.5,17.0,0.9267,0.0537,1244.0
37.5,17.25,0.9267,0.0537,1247.0
37.5,17.5,0.9267,0.0537,1248.0
37.5,17.75,0.9267,0.0537,1248.0
37.5,18.0,0.9267,0.0537,1248.0
37.5,18.25,0.9267,0.0537,1248.0
37.5,18.5,0.9267,0.0537,1249.0
37.5,18.75,0.9267,0.0537,1249.0
37.75,6.5,0.9267,0.0537,94.0
37.75,6.75,0.9267,0.0537,94.0
37.75,7.0,0.9267,0.0537,94.0
37.75,7.25,0.9267,0.0537,95.0
37.75,7.5,0.9267,0.0537,96.0
37.75,7.75,0.9267,0.0537,146.0
37.75,8.0,0.9267,0.0537,206.0
37.75,8.25,0.9267,0.0537,206.0
37.75,8.5,0.9267,0.0537,206.0
37.75,8.75,0.9267,0.0537,717.0
37.75,9.0,0.9267,0.0537,717.0
37.75,9.25,0.9267,0.0537,717.0
37.75,9.5,0.9267,0.0537,717.0
37.75,9.75,0.9267,0.0537,717.0
37.75,10.0,0.9267,0.0537,724.0
37.75,10.25,0.9267,0.0537,725.0
37.75,10.5,0.9267,0.0537,724.0
37.75,10.75,0.9267,0.0537,590.0
37.75,11.0,0.9267,0.0537,590.0
37.75,11.25,0.9267,0.0537,590.0
37.75,11.5,0.9267,0.0537,590.0
37.75,11.75,0.9267,0.0541,590.0
37.75,12.0,0.9302,0.0581,590.0
37.75,12.25,0.9492,0.074,590.0
37.75,12.5,0.9804,0.092,590.0
37.75,12.75,1.0069,0.0771,590.0
37.75,13.0,1.0072,0.053,730.0
37.75,13.25,0.9743,0.0829,1110.0
37.75,13.5,0.9255,0.1137,1110.0
37.75,13.75,0.8931,0.1033,831.0
37.75,14.0,0.8968,0.1094,831.0
37.75,14.25,0.9306,0.1298,1468.0
37.75,14.5,0.9682,0.1215,1810.0
37.75,14.75,0.9593,0.1106,1844.0
37.75,15.0,0.9186,0.115,1871.0
37.75,15.25,0.907,0.1086,1873.0
37.75,15.5,0.9343,0.0915,1860.0
37.75,15.75,0.9736,0.1013,1032.0
37.75,16.0,0.9796,0.1009,1032.0
37.75,16.25,0.9519,0.0759,1032.0
37.75,16.5,0.9332,0.0595,1233.0
37.75,16.75,0.9279,0.0548,1244.0
37.75,17.0,0.9269,0.0538,1247.0
37.75,17.25,0.9267,0.0537,1248.0
37.75,17.5,0.9267,0.0537,1248.0
37.75,17.75,0.9267,0.0537,1248.0
37.75,18.0,0.9267,0.0537,1248.0
37.75,18.25,0.9267,0.0537,1248.0
37.75,18.5,0.9267,0.0537,1248.0
37.75,18.75,0.9267,0.0537,1248.0
38.0,6.5,0.9267,0.0537,94.0
38.0,6.75,0.9267,0.0537,94.0
38.0,7.0,0.9267,0.0537,94.0
38.0,7.25,0.9267,0.0537,95.0
38.0,7.5,0.9267,0.0537,97.0
38.0,7.75,0.9267,0.0537,164.0
38.0,8.0,0.9267,0.0537,206.0
38.0,8.25,0.9267,0.0537,258.0
38.0,8.5,0.9268,0.0537,717.0
38.0,8.75,0.9269,0.0537,717.0
38.0,9.0,0.9269,0.0537,718.0
38.0,9.25,0.9268,0.0537,717.0
38.0,9.5,0.9267,0.0537,718.0
38.0,9.75,0.9267,0.0537,724.0
38.0,10.0,0.9267,0.0537,725.0
38.0,10.25,0.9267,0.0537,725.0
38.0,10.5,0.9267,0.0537,725.0
38.0,10.75,0.9267,0.0537,590.0
38.0,11.0,0.9267,0.0537,590.0
38.0,11.25,0.9267,0.0537,592.0
38.0,11.5,0.9267,0.0537,592.0
38.0,11.75,0.9275,0.0545,590.0
38.0,12.0,0.9357,0.0616,590.0
38.0,12.25,0.9596,0.0835,592.0
38.0,12.5,0.9856,0.1004,590.0
38.0,12.75,0.9927,0.0714,590.0
38.0,13.0,0.9427,0.0261,730.0
38.0,13.25,0.8525,0.0529,730.0
38.0,13.5,0.7949,0.0908,731.0
38.0,13.75,0.7953,0.0974,829.0
38.0,14.0,0.8233,0.1296,858.0
38.0,14.25,0.85,0.1728,1470.0
38.0,14.5,0.8738,0.1739,1835.0
38.0,14.75,0.8701,0.1467,1843.0
38.0,15.0,0.8616,0.1095,1854.0
38.0,15.25,0.9144,0.0606,1849.0
38.0,15.5,0.9925,0.0768,1248.0
38.0,15.75,1.0528,0.17,1032.0
38.0,16.0,1.0722,0.1958,1032.0
38.0,16.25,1.0371,0.1581,1237.0
38.0,16.5,0.9842,0.1102,1241.0
38.0,16.75,0.9453,0.0732,1247.0
38.0,17.0,0.9298,0.0571,1247.0
38.0,17.25,0.927,0.054,1248.0
38.0,17.5,0.9267,0.0537,1248.0
38.0,17.75,0.9267,0.0537,1248.0
38.0,18.0,0.9267,0.0537,1248.0
38.0,18.25,0.9267,0.0537,1248.0
38.0,18.5,0.9267,0.0537,1247.0
38.0,18.75,0.9267,0.0537,1245.0
38.25,6.5,0.9267,0.0537,95.0
38.25,6.75,0.9267,0.0537,95.0
38.25,7.0,0.9267,0.0537,95.0
38.25,7.25,0.9267,0.0537,96.0
38.25,7.5,0.9267,0.0537,98.0
38.25,7.75,0.9267,0.0537,164.0
38.25,8.0,0.927,0.0537,206.0
38.25,8.25,0.9287,0.054,717.0
38.25,8.5,0.9336,0.055,718.0
38.25,8.75,0.939,0.0562,718.0
38.25,9.0,0.9379,0.056,719.0
38.25,9.25,0.9319,0.0547,719.0
38.25,9.5,0.928,0.0539,723.0
38.25,9.75,0.9269,0.0537,724.0
38.25,10.0,0.9267,0.0537,725.0
38.25,10.25,0.9267,0.0537,725.0
38.25,10.5,0.9267,0.0537,725.0
38.25,10.75,0.9267,0.0537,725.0
38.25,11.0,0.9267,0.0537,590.0
38.25,11.25,0.9267,0.0537,590.0
38.25,11.5,0.9267,0.0537,590.0
38.25,11.75,0.9274,0.0542,590.0
38.25,12.0,0.934,0.0586,590.0
38.25,12.25,0.9556,0.0723,590.0
38.25,12.5,0.9805,0.0829,590.0
38.25,12.75,0.9753,0.0684,593.0
38.25,13.0,0.9041,0.0368,613.0
38.25,13.25,0.8138,0.0297,730.0
38.25,13.5,0.7752,0.0359,730.0
38.25,13.75,0.795,0.0445,730.0
38.25,14.0,0.8354,0.0742,1040.0
38.25,14.25,0.8658,0.1177,1483.0
38.25,14.5,0.8797,0.1351,1834.0
38.25,14.75,0.8665,0.1133,1840.0
38.25,15.0,0.8757,0.062,1830.0
38.25,15.25,0.9626,0.0276,1250.0
38.25,15.5,1.0523,0.1025,1032.0
38.25,15.75,1.0982,0.2149,1032.0
38.25,16.0,1.116,0.2637,1237.0
38.25,16.25,1.1202,0.2737,1241.0
38.25,16.5,1.096,0.2431,1242.0
38.25,16.75,1.0192,0.1566,1243.0
38.25,17.0,0.9477,0.0773,1244.0
38.25,17.25,0.9286,0.0558,1245.0
38.25,17.5,0.9268,0.0538,1245.0
38.25,17.75,0.9267,0.0537,1248.0
38.25,18.0,0.9267,0.0537,1246.0
38.25,18.25,0.9267,0.0537,1243.0
38.25,18.5,0.9267,0.0537,1224.0
38.25,18.75,0.9267,0.0537,1110.0
38.5,6.5,0.9267,0.0537,94.0
38.5,6.75,0.9267,0.0537,95.0
38.5,7.0,0.9267,0.0537,96.0
38.5,7.25,0.9267,0.0537,98.0
38.5,7.5,0.9267,0.0537,164.0
38.5,7.75,0.9275,0.0538,206.0
38.5,8.0,0.9342,0.0548,284.0
38.5,8.25,0.9667,0.0614,717.0
38.5,8.5,1.0373,0.0793,719.0
38.5,8.75,1.0976,0.0965,975.0
38.5,9.0,1.0908,0.0941,975.0
38.5,9.25,1.0214,0.0761,724.0
38.5,9.5,0.9588,0.0621,724.0
38.5,9.75,0.935,0.0566,725.0
38.5,10.0,0.9284,0.0544,725.0
38.5,10.25,0.9269,0.0538,725.0
38.5,10.5,0.9267,0.0537,725.0
38.5,10.75,0.9267,0.0537,725.0
38.5,11.0,0.9267,0.0537,724.0
38.5,11.25,0.9267,0.0537,590.0
38.5,11.5,0.9267,0.0537,590.0
38.5,11.75,0.9269,0.0538,590.0
38.5,12.0,0.9283,0.0546,590.0
38.5,12.25,0.9342,0.0577,590.0
38.5,12.5,0.9435,0.0611,590.0
38.5,12.75,0.9403,0.0586,611.0
38.5,13.0,0.907,0.0492,612.0
38.5,13.25,0.867,0.0418,613.0
38.5,13.5,0.8592,0.0412,613.0
38.5,13.75,0.8799,0.0455,650.0
38.5,14.0,0.8988,0.0516,831.0
38.5,14.25,0.9095,0.0608,1470.0
38.5,14.5,0.9125,0.0679,1825.0
38.5,14.75,0.9009,0.0603,1491.0
38.5,15.0,0.9114,0.047,1250.0
38.5,15.25,0.9799,0.0612,1032.0
38.5,15.5,1.0514,0.12,1032.0
38.5,15.75,1.0955,0.2049,1236.0
38.5,16.0,1.1332,0.2907,1240.0
38.5,16.25,1.1582,0.334,1242.0
38.5,16.5,1.1532,0.3167,1242.0
38.5,16.75,1.0862,0.2303,1242.0
38.5,17.0,0.9775,0.1088,1242.0
38.5,17.25,0.9328,0.0602,1243.0
38.5,17.5,0.9271,0.0541,1242.0
38.5,17.75,0.9267,0.0537,1238.0
38.5,18.0,0.9267,0.0537,1110.0
38.5,18.25,0.9267,0.0537,1110.0
38.5,18.5,0.9267,0.0537,1109.0
38.5,18.75,0.9267,0.0537,1109.0
38.75,6.5,0.9267,0.0537,126.0
38.75,6.75,0.9267,0.0537,164.0
38.75,7.0,0.9267,0.0537,258.0
38.75,7.25,0.9267,0.0537,283.0
38.75,7.5,0.9271,0.0537,284.0
38.75,7.75,0.9333,0.0546,284.0
38.75,8.0,0.979,0.0634,472.0
38.75,8.25,1.098,0.099,717.0
38.75,8.5,1.2154,0.1595,719.0
38.75,8.75,1.2832,0.1994,975.0
38.75,9.0,1.2939,0.1932,975.0
38.75,9.25,1.2377,0.1554,725.0
38.75,9.5,1.1336,0.1222,725.0
38.75,9.75,1.0299,0.0938,725.0
38.75,10.0,0.9569,0.0666,725.0
38.75,10.25,0.9309,0.0555,725.0
38.75,10.5,0.927,0.0538,725.0
38.75,10.75,0.9267,0.0537,725.0
38.75,11.0,0.9267,0.0537,724.0
38.75,11.25,0.9267,0.0537,590.0
38.75,11.5,0.9267,0.0537,590.0
38.75,11.75,0.9267,0.0537,590.0
38.75,12.0,0.9268,0.0537,590.0
38.75,12.25,0.9271,0.0539,590.0
38.75,12.5,0.9277,0.0541,590.0
38.75,12.75,0.9273,0.054,611.0
38.75,13.0,0.9243,0.0533,612.0
38.75,13.25,0.9207,0.0527,612.0
38.75,13.5,0.9207,0.0528,612.0
38.75,13.75,0.9234,0.0532,612.0
38.75,14.0,0.925,0.0535,691.0
38.75,14.25,0.9256,0.0538,1250.0
38.75,14.5,0.9253,0.0541,1470.0
38.75,14.75,0.924,0.0535,1250.0
38.75,15.0,0.9275,0.0538,1036.0
38.75,15.25,0.9439,0.06,1030.0
38.75,15.5,0.9731,0.0835,1049.0
38.75,15.75,1.0396,0.1588,1239.0
38.75,16.0,1.1248,0.262,1241.0
38.75,16.25,1.1626,0.3123,1241.0
38.75,16.5,1.1596,0.3055,1241.0
38.75,16.75,1.1117,0.2467,1241.0
38.75,17.0,1.0188,0.1487,1240.0
38.75,17.25,0.9497,0.0776,1237.0
38.75,17.5,0.9296,0.0567,1109.0
38.75,17.75,0.9269,0.0539,1109.0
38.75,18.0,0.9267,0.0537,1109.0
38.75,18.25,0.9267,0.0537,1109.0
38.75,18.5,0.9267,0.0537,1109.0
38.75,18.75,0.9267,0.0537,1109.0
39.0,6.5,0.9267,0.0537,284.0
39.0,6.75,0.9267,0.0537,284.0
39.0,7.0,0.9267,0.0537,284.0
39.0,7.25,0.9267,0.0537,285.0
39.0,7.5,0.9281,0.0539,285.0
39.0,7.75,0.9484,0.0577,468.0
39.0,8.0,1.0476,0.082,472.0
39.0,8.25,1.1664,0.1424,717.0
39.0,8.5,1.232,0.2267,902.0
39.0,8.75,1.2677,0.2827,904.0
39.0,9.0,1.2802,0.285,725.0
39.0,9.25,1.271,0.2503,724.0
39.0,9.5,1.2442,0.2182,725.0
39.0,9.75,1.1817,0.1767,725.0
39.0,10.0,1.055,0.1103,725.0
39.0,10.25,0.9508,0.0637,724.0
39.0,10.5,0.9284,0.0543,724.0
39.0,10.75,0.9268,0.0537,724.0
39.0,11.0,0.9267,0.0537,724.0
39.0,11.25,0.9267,0.0537,723.0
39.0,11.5,0.9267,0.0537,590.0
39.0,11.75,0.9267,0.0537,590.0
39.0,12.0,0.9267,0.0537,590.0
39.0,12.25,0.9267,0.0537,590.0
39.0,12.5,0.9267,0.0537,590.0
39.0,12.75,0.9267,0.0537,590.0
39.0,13.0,0.9266,0.0537,612.0
39.0,13.25,0.9266,0.0537,612.0
39.0,13.5,0.9266,0.0537,612.0
39.0,13.75,0.9266,0.0537,611.0
39.0,14.0,0.9267,0.0537,612.0
39.0,14.25,0.9267,0.0537,1040.0
39.0,14.5,0.9267,0.0537,1040.0
39.0,14.75,0.9267,0.0537,1028.0
39.0,15.0,0.927,0.0538,1028.0
39.0,15.25,0.9304,0.0566,1028.0
39.0,15.5,0.957,0.081,1070.0
39.0,15.75,1.0451,0.1661,1072.0
39.0,16.0,1.137,0.2625,1108.0
39.0,16.25,1.1761,0.3134,1239.0
39.0,16.5,1.1817,0.3277,1298.0
39.0,16.75,1.1629,0.3076,1299.0
39.0,17.0,1.1029,0.2387,1299.0
39.0,17.25,1.0016,0.13,1297.0
39.0,17.5,0.9394,0.0662,1109.0
39.0,17.75,0.9276,0.0545,1109.0
39.0,18.0,0.9267,0.0537,1108.0
39.0,18.25,0.9267,0.0537,1108.0
39.0,18.5,0.9267,0.0537,1108.0
39.0,18.75,0.9267,0.0537,1108.0
39.25,6.5,0.9267,0.0537,467.0
39.25,6.75,0.9267,0.0537,468.0
39.25,7.0,0.9267,0.0537,468.0
39.25,7.25,0.9268,0.0537,468.0
39.25,7.5,0.9289,0.0542,468.0
39.25,7.75,0.96,0.0614,472.0
39.25,8.0,1.0768,0.0944,717.0
39.25,8.25,1.1677,0.1476,902.0
39.25,8.5,1.1999,0.216,719.0
39.25,8.75,1.2113,0.2737,718.0
39.25,9.0,1.217,0.2923,718.0
39.25,9.25,1.2168,0.2913,725.0
39.25,9.5,1.2008,0.2875,728.0
39.25,9.75,1.1658,0.2415,725.0
39.25,10.0,1.088,0.1437,724.0
39.25,10.25,0.9711,0.0716,724.0
39.25,10.5,0.9302,0.0549,723.0
39.25,10.75,0.9268,0.0537,722.0
39.25,11.0,0.9267,0.0537,680.0
39.25,11.25,0.9267,0.0537,679.0
39.25,11.5,0.9267,0.0537,590.0
39.25,11.75,0.9267,0.0537,590.0
39.25,12.0,0.9267,0.0537,590.0
39.25,12.25,0.9267,0.0537,590.0
39.25,12.5,0.9267,0.0537,590.0
39.25,12.75,0.9267,0.0537,590.0
39.25,13.0,0.9267,0.0537,611.0
39.25,13.25,0.9267,0.0537,611.0
39.25,13.5,0.9267,0.0537,611.0
39.25,13.75,0.9267,0.0537,430.0
39.25,14.0,0.9267,0.0537,481.0
39.25,14.25,0.9267,0.0537,766.0
39.25,14.5,0.9267,0.0537,766.0
39.25,14.75,0.9267,0.0537,1026.0
39.25,15.0,0.9271,0.054,1028.0
39.25,15.25,0.9337,0.0595,1028.0
39.25,15.5,0.981,0.1007,1028.0
39.25,15.75,1.0835,0.1999,1071.0
39.25,16.0,1.1553,0.2887,1106.0
39.25,16.25,1.1842,0.3416,1300.0
39.25,16.5,1.1913,0.3625,1301.0
39.25,16.75,1.182,0.3464,1301.0
39.25,17.0,1.1422,0.2815,1301.0
39.25,17.25,1.0415,0.165,1300.0
39.25,17.5,0.9501,0.0751,1297.0
39.25,17.75,0.9285,0.0553,1108.0
39.25,18.0,0.9268,0.0537,1108.0
39.25,18.25,0.9267,0.0537,1107.0
39.25,18.5,0.9267,0.0537,1106.0
39.25,18.75,0.9267,0.0537,1105.0
39.5,6.5,0.9267,0.0537,468.0
39.5,6.75,0.9267,0.0537,468.0
39.5,7.0,0.9267,0.0537,468.0
39.5,7.25,0.9268,0.0537,468.0
39.5,7.5,0.9285,0.0541,468.0
39.5,7.75,0.9548,0.0612,468.0
39.5,8.0,1.0554,0.0934,472.0
39.5,8.25,1.1285,0.1429,472.0
39.5,8.5,1.148,0.1893,512.0
39.5,8.75,1.1547,0.1994,683.0
39.5,9.0,1.1606,0.1805,783.0
39.5,9.25,1.1499,0.1849,908.0
39.5,9.5,1.1106,0.2138,935.0
39.5,9.75,1.0683,0.2062,909.0
39.5,10.0,1.0265,0.1347,884.0
39.5,10.25,0.9615,0.0713,813.0
39.5,10.5,0.9299,0.055,728.0
39.5,10.75,0.9268,0.0537,724.0
39.5,11.0,0.9267,0.0537,675.0
39.5,11.25,0.9267,0.0537,576.0
39.5,11.5,0.9267,0.0537,444.0
39.5,11.75,0.9267,0.0537,590.0
39.5,12.0,0.9267,0.0537,590.0
39.5,12.25,0.9267,0.0537,590.0
39.5,12.5,0.9267,0.0537,590.0
39.5,12.75,0.9267,0.0537,590.0
39.5,13.0,0.9267,0.0537,590.0
39.5,13.25,0.9267,0.0537,350.0
39.5,13.5,0.9267,0.0537,430.0
39.5,13.75,0.9267,0.0537,766.0
39.5,14.0,0.9267,0.0537,767.0
39.5,14.25,0.9267,0.0537,767.0
39.5,14.5,0.9267,0.0537,767.0
39.5,14.75,0.9269,0.0539,767.0
39.5,15.0,0.928,0.0547,768.0
39.5,15.25,0.9369,0.0618,1025.0
39.5,15.5,0.9821,0.0985,1028.0
39.5,15.75,1.0604,0.1706,1028.0
39.5,16.0,1.1135,0.2422,1108.0
39.5,16.25,1.1428,0.3037,1301.0
39.5,16.5,1.162,0.3354,1301.0
39.5,16.75,1.1607,0.3188,1301.0
39.5,17.0,1.1202,0.2497,1301.0
39.5,17.25,1.0222,0.1409,1300.0
39.5,17.5,0.945,0.0693,1299.0
39.5,17.75,0.9281,0.0548,1108.0
39.5,18.0,0.9268,0.0537,1106.0
39.5,18.25,0.9267,0.0537,1105.0
39.5,18.5,0.9267,0.0537,735.0
39.5,18.75,0.9267,0.0537,735.0
39.75,6.5,0.9267,0.0537,276.0
39.75,6.75,0.9267,0.0537,365.0
39.75,7.0,0.9267,0.0537,468.0
39.75,7.25,0.9267,0.0537,468.0
39.75,7.5,0.9274,0.054,468.0
39.75,7.75,0.939,0.0584,468.0
39.75,8.0,0.9916,0.0862,468.0
39.75,8.25,1.0407,0.1498,512.0
39.75,8.5,1.0629,0.2007,638.0
39.75,8.75,1.0818,0.1846,815.0
39.75,9.0,1.0974,0.1493,980.0
39.75,9.25,1.079,0.1573,1159.0
39.75,9.5,1.023,0.2035,1203.0
39.75,9.75,0.9846,0.2134,1203.0
39.75,10.0,0.9725,0.1559,1054.0
39.75,10.25,0.949,0.0812,979.0
39.75,10.5,0.9289,0.0561,886.0
39.75,10.75,0.9268,0.0538,878.0
39.75,11.0,0.9267,0.0537,785.0
39.75,11.25,0.9267,0.0537,727.0
39.75,11.5,0.9267,0.0537,576.0
39.75,11.75,0.9267,0.0537,445.0
39.75,12.0,0.9267,0.0537,590.0
39.75,12.25,0.9267,0.0537,590.0
39.75,12.5,0.9267,0.0537,590.0
39.75,12.75,0.9267,0.0537,312.0
39.75,13.0,0.9267,0.0537,313.0
39.75,13.25,0.9267,0.0537,387.0
39.75,13.5,0.9267,0.0537,388.0
39.75,13.75,0.9267,0.0537,607.0
39.75,14.0,0.9267,0.0537,766.0
39.75,14.25,0.9268,0.0537,767.0
39.75,14.5,0.9274,0.0542,767.0
39.75,14.75,0.9308,0.0566,767.0
39.75,15.0,0.9381,0.0636,768.0
39.75,15.25,0.9518,0.08,825.0
39.75,15.5,0.9856,0.1161,895.0
39.75,15.75,1.0265,0.1489,915.0
39.75,16.0,1.0469,0.1614,915.0
39.75,16.25,1.0496,0.1794,1028.0
39.75,16.5,1.0605,0.2045,1300.0
39.75,16.75,1.0687,0.2009,1301.0
39.75,17.0,1.0273,0.1478,1301.0
39.75,17.25,0.9618,0.0842,1300.0
39.75,17.5,0.9321,0.0581,1299.0
39.75,17.75,0.9271,0.054,1106.0
39.75,18.0,0.9267,0.0537,735.0
39.75,18.25,0.9267,0.0537,735.0
39.75,18.5,0.9267,0.0537,735.0
39.75,18.75,0.9267,0.0537,734.0
40.0,6.5,0.9267,0.0537,238.0
40.0,6.75,0.9267,0.0537,276.0
40.0,7.0,0.9267,0.0537,398.0
40.0,7.25,0.9267,0.0537,479.0
40.0,7.5,0.9274,0.0541,497.0
40.0,7.75,0.9362,0.0608,623.0
40.0,8.0,0.9662,0.1027,638.0
40.0,8.25,0.9861,0.1966,647.0
40.0,8.5,0.9971,0.2573,794.0
40.0,8.75,1.0194,0.226,1015.0
40.0,9.0,1.0408,0.1745,1158.0
40.0,9.25,1.0268,0.175,1206.0
40.0,9.5,0.9824,0.2123,1209.0
40.0,9.75,0.9589,0.2183,1208.0
40.0,10.0,0.9595,0.165,1139.0
40.0,10.25,0.9477,0.0871,1014.0
40.0,10.5,0.9292,0.0569,979.0
40.0,10.75,0.9268,0.0538,915.0
40.0,11.0,0.9267,0.0537,885.0
40.0,11.25,0.9267,0.0537,795.0
40.0,11.5,0.9267,0.0537,727.0
40.0,11.75,0.9267,0.0537,445.0
40.0,12.0,0.9267,0.0537,75.0
40.0,12.25,0.9267,0.0537,75.0
40.0,12.5,0.9267,0.0537,234.0
40.0,12.75,0.9267,0.0537,235.0
40.0,13.0,0.9267,0.0537,313.0
40.0,13.25,0.9267,0.0537,313.0
40.0,13.5,0.9267,0.0537,387.0
40.0,13.75,0.9267,0.0537,388.0
40.0,14.0,0.9267,0.0537,624.0
40.0,14.25,0.9272,0.054,766.0
40.0,14.5,0.9316,0.0569,767.0
40.0,14.75,0.9477,0.0692,768.0
40.0,15.0,0.9626,0.0894,768.0
40.0,15.25,0.9636,0.1148,825.0
40.0,15.5,0.9726,0.1487,895.0
40.0,15.75,1.0004,0.1654,913.0
40.0,16.0,1.0274,0.1522,915.0
40.0,16.25,1.0333,0.1395,915.0
40.0,16.5,1.0228,0.13,915.0
40.0,16.75,0.9968,0.1089,915.0
40.0,17.0,0.957,0.0767,915.0
40.0,17.25,0.9343,0.0589,749.0
40.0,17.5,0.9283,0.0546,734.0
40.0,17.75,0.927,0.0538,501.0
40.0,18.0,0.9267,0.0537,501.0
40.0,18.25,0.9267,0.0537,501.0
40.0,18.5,0.9267,0.0537,501.0
40.0,18.75,0.9267,0.0537,501.0
40.25,6.5,0.9267,0.0537,121.0
40.25,6.75,0.9267,0.0537,276.0
40.25,7.0,0.9267,0.0537,429.0
40.25,7.25,0.927,0.0537,479.0
40.25,7.5,0.9323,0.0547,539.0
40.25,7.75,0.9653,0.0651,624.0
40.25,8.0,1.007,0.1076,637.0
40.25,8.25,1.0035,0.1904,665.0
40.25,8.5,0.9874,0.2529,875.0
40.25,8.75,0.9893,0.2413,1015.0
40.25,9.0,0.9995,0.1945,1139.0
40.25,9.25,0.9986,0.1704,1161.0
40.25,9.5,0.9931,0.1639,1158.0
40.25,9.75,0.9904,0.1523,1055.0
40.25,10.0,0.9867,0.1176,1014.0
40.25,10.25,0.9614,0.0739,1013.0
40.25,10.5,0.9325,0.0558,915.0
40.25,10.75,0.927,0.0538,915.0
40.25,11.0,0.9267,0.0537,885.0
40.25,11.25,0.9267,0.0537,727.0
40.25,11.5,0.9267,0.0537,444.0
40.25,11.75,0.9267,0.0537,90.0
40.25,12.0,0.9267,0.0537,75.0
40.25,12.25,0.9267,0.0537,75.0
40.25,12.5,0.9267,0.0537,234.0
40.25,12.75,0.9267,0.0537,235.0
40.25,13.0,0.9267,0.0537,273.0
40.25,13.25,0.9267,0.0537,313.0
40.25,13.5,0.9267,0.0537,388.0
40.25,13.75,0.9267,0.0537,388.0
40.25,14.0,0.9267,0.0537,388.0
40.25,14.25,0.9282,0.0547,626.0
40.25,14.5,0.9383,0.0621,766.0
40.25,14.75,0.962,0.0832,767.0
40.25,15.0,0.9743,0.1098,768.0
40.25,15.25,0.969,0.1354,802.0
40.25,15.5,0.9694,0.154,912.0
40.25,15.75,0.99,0.1581,913.0
40.25,16.0,1.0166,0.1449,913.0
40.25,16.25,1.0255,0.1322,914.0
40.25,16.5,1.0153,0.1189,914.0
40.25,16.75,0.9897,0.0941,912.0
40.25,17.0,0.9663,0.073,679.0
40.25,17.25,0.9534,0.0655,501.0
40.25,17.5,0.9407,0.0601,501.0
40.25,17.75,0.9308,0.0556,501.0
40.25,18.0,0.9273,0.054,501.0
40.25,18.25,0.9267,0.0537,501.0
40.25,18.5,0.9267,0.0537,501.0
40.25,18.75,0.9267,0.0537,501.0
40.5,6.5,0.9267,0.0537,77.0
40.5,6.75,0.9267,0.0537,77.0
40.5,7.0,0.9267,0.0537,161.0
40.5,7.25,0.9277,0.0537,429.0
40.5,7.5,0.9412,0.0551,478.0
40.5,7.75,1.0021,0.0644,526.0
40.5,8.0,1.0494,0.0836,624.0
40.5,8.25,1.0415,0.1156,625.0
40.5,8.5,1.0088,0.1665,668.0
40.5,8.75,0.9751,0.2155,877.0
40.5,9.0,0.9704,0.2162,915.0
40.5,9.25,1.0071,0.1611,1014.0
40.5,9.5,1.0432,0.111,915.0
40.5,9.75,1.0538,0.0907,915.0
40.5,10.0,1.0445,0.0784,902.0
40.5,10.25,0.999,0.0647,868.0
40.5,10.5,0.9419,0.0553,790.0
40.5,10.75,0.9278,0.0538,444.0
40.5,11.0,0.9267,0.0537,430.0
40.5,11.25,0.9267,0.0537,207.0
40.5,11.5,0.9267,0.0537,98.0
40.5,11.75,0.9267,0.0537,90.0
40.5,12.0,0.9267,0.0537,90.0
40.5,12.25,0.9267,0.0537,76.0
40.5,12.5,0.9267,0.0537,102.0
40.5,12.75,0.9267,0.0537,234.0
40.5,13.0,0.9265,0.0537,273.0
40.5,13.25,0.9262,0.0536,312.0
40.5,13.5,0.926,0.0536,582.0
40.5,13.75,0.9262,0.0537,582.0
40.5,14.0,0.9268,0.0541,564.0
40.5,14.25,0.9307,0.0572,624.0
40.5,14.5,0.9439,0.0705,746.0
40.5,14.75,0.9641,0.0965,761.0
40.5,15.0,0.9741,0.1242,767.0
40.5,15.25,0.9737,0.1445,782.0
40.5,15.5,0.9803,0.1475,913.0
40.5,15.75,0.9981,0.1367,913.0
40.5,16.0,1.0148,0.1251,913.0
40.5,16.25,1.0175,0.1153,913.0
40.5,16.5,1.0089,0.101,895.0
40.5,16.75,0.9994,0.0873,615.0
40.5,17.0,0.9952,0.0835,501.0
40.5,17.25,0.9891,0.0817,501.0
40.5,17.5,0.9706,0.074,501.0
40.5,17.75,0.9434,0.0616,501.0
40.5,18.0,0.9294,0.055,501.0
40.5,18.25,0.9269,0.0538,501.0
40.5,18.5,0.9267,0.0537,501.0
40.5,18.75,0.9267,0.0537,501.0
40.75,6.5,0.9267,0.0537,77.0
40.75,6.75,0.9267,0.0537,77.0
40.75,7.0,0.9267,0.0537,77.0
40.75,7.25,0.9275,0.0537,120.0
40.75,7.5,0.9382,0.0545,227.0
40.75,7.75,0.9828,0.0595,429.0
40.75,8.0,1.0188,0.0692,479.0
40.75,8.25,1.0152,0.0817,623.0
40.75,8.5,0.9884,0.1192,648.0
40.75,8.75,0.9615,0.1992,695.0
40.75,9.0,0.9793,0.2434,881.0
40.75,9.25,1.0434,0.1962,881.0
40.75,9.5,1.0841,0.145,868.0
40.75,9.75,1.0883,0.1201,791.0
40.75,10.0,1.071,0.093,790.0
40.75,10.25,1.0113,0.0673,665.0
40.75,10.5,0.9438,0.0555,430.0
40.75,10.75,0.9279,0.0538,430.0
40.75,11.0,0.9267,0.0537,354.0
40.75,11.25,0.9267,0.0537,98.0
40.75,11.5,0.9267,0.0537,150.0
40.75,11.75,0.9267,0.0537,174.0
40.75,12.0,0.9267,0.0537,168.0
40.75,12.25,0.9266,0.0537,150.0
40.75,12.5,0.9264,0.0537,166.0
40.75,12.75,0.9254,0.0536,234.0
40.75,13.0,0.922,0.0534,273.0
40.75,13.25,0.9163,0.0531,451.0
40.75,13.5,0.9139,0.0536,582.0
40.75,13.75,0.919,0.0559,584.0
40.75,14.0,0.9282,0.0592,585.0
40.75,14.25,0.9395,0.0667,745.0
40.75,14.5,0.9574,0.088,746.0
40.75,14.75,0.9772,0.116,747.0
40.75,15.0,0.9861,0.135,759.0
40.75,15.25,0.9866,0.1442,782.0
40.75,15.5,0.993,0.1391,913.0
40.75,15.75,1.0049,0.1243,913.0
40.75,16.0,1.0137,0.111,913.0
40.75,16.25,1.0164,0.102,781.0
40.75,16.5,1.0135,0.0946,585.0
40.75,16.75,1.0082,0.0895,559.0
40.75,17.0,1.004,0.0879,501.0
40.75,17.25,0.9979,0.0861,501.0
40.75,17.5,0.9795,0.0781,501.0
40.75,17.75,0.9485,0.0639,501.0
40.75,18.0,0.9303,0.0554,501.0
40.75,18.25,0.927,0.0538,501.0
40.75,18.5,0.9267,0.0537,501.0
40.75,18.75,0.9267,0.0537,501.0
41.0,6.5,0.9267,0.0537,77.0
41.0,6.75,0.9267,0.0537,77.0
41.0,7.0,0.9267,0.0537,77.0
41.0,7.25,0.9268,0.0537,77.0
41.0,7.5,0.9288,0.0538,84.0
41.0,7.75,0.94,0.0548,201.0
41.0,8.0,0.9555,0.0581,364.0
41.0,8.25,0.9582,0.0664,429.0
41.0,8.5,0.9539,0.1024,564.0
41.0,8.75,0.9688,0.1936,692.0
41.0,9.0,1.0179,0.2671,712.0
41.0,9.25,1.0735,0.2525,790.0
41.0,9.5,1.0931,0.2051,790.0
41.0,9.75,1.081,0.1494,719.0
41.0,10.0,1.0447,0.0939,614.0
41.0,10.25,0.9781,0.0632,526.0
41.0,10.5,0.9345,0.0547,430.0
41.0,10.75,0.9272,0.0537,430.0
41.0,11.0,0.9267,0.0537,354.0
41.0,11.25,0.9267,0.0537,98.0
41.0,11.5,0.9267,0.0537,174.0
41.0,11.75,0.9266,0.0537,174.0
41.0,12.0,0.9262,0.0536,202.0
41.0,12.25,0.9245,0.0536,202.0
41.0,12.5,0.9206,0.0535,202.0
41.0,12.75,0.9135,0.0535,235.0
41.0,13.0,0.8997,0.0536,350.0
41.0,13.25,0.8838,0.0557,451.0
41.0,13.5,0.8842,0.0647,582.0
41.0,13.75,0.9029,0.0783,584.0
41.0,14.0,0.9276,0.0845,585.0
41.0,14.25,0.9514,0.0858,585.0
41.0,14.5,0.9736,0.0972,746.0
41.0,14.75,0.9926,0.116,747.0
41.0,15.0,1.002,0.1278,753.0
41.0,15.25,1.0036,0.1296,782.0
41.0,15.5,1.0043,0.1227,782.0
41.0,15.75,1.0041,0.111,782.0
41.0,16.0,1.0048,0.1005,782.0
41.0,16.25,1.0087,0.0959,586.0
41.0,16.5,1.0078,0.0923,560.0
41.0,16.75,1.0013,0.0872,559.0
41.0,17.0,0.9916,0.0821,558.0
41.0,17.25,0.9784,0.0767,501.0
41.0,17.5,0.9577,0.0679,501.0
41.0,17.75,0.9368,0.0584,501.0
41.0,18.0,0.9282,0.0544,501.0
41.0,18.25,0.9268,0.0537,501.0
41.0,18.5,0.9267,0.0537,501.0
41.0,18.75,0.9267,0.0537,501.0
41.25,6.5,0.9267,0.0537,77.0
41.25,6.75,0.9267,0.0537,77.0
41.25,7.0,0.9267,0.0537,77.0
41.25,7.25,0.9267,0.0537,77.0
41.25,7.5,0.9265,0.0537,77.0
41.25,7.75,0.9257,0.0536,84.0
41.25,8.0,0.9249,0.0538,232.0
41.25,8.25,0.9267,0.0565,368.0
41.25,8.5,0.9467,0.0741,459.0
41.25,8.75,0.9993,0.1227,476.0
41.25,9.0,1.058,0.1715,476.0
41.25,9.25,1.0917,0.1758,476.0
41.25,9.5,1.0904,0.1426,476.0
41.25,9.75,1.0576,0.0992,475.0
41.25,10.0,0.9975,0.0689,430.0
41.25,10.25,0.944,0.0564,430.0
41.25,10.5,0.9284,0.0539,354.0
41.25,10.75,0.9268,0.0537,172.0
41.25,11.0,0.9267,0.0537,368.0
41.25,11.25,0.9267,0.0537,202.0
41.25,11.5,0.9264,0.0537,174.0
41.25,11.75,0.9252,0.0536,202.0
41.25,12.0,0.9207,0.0531,268.0
41.25,12.25,0.9093,0.0526,320.0
41.25,12.5,0.8985,0.0541,320.0
41.25,12.75,0.8948,0.0577,325.0
41.25,13.0,0.8889,0.0621,451.0
41.25,13.25,0.878,0.0707,451.0
41.25,13.5,0.8775,0.0887,581.0
41.25,13.75,0.8946,0.11,584.0
41.25,14.0,0.9218,0.1135,585.0
41.25,14.25,0.9512,0.1005,585.0
41.25,14.5,0.9772,0.0973,689.0
41.25,14.75,0.9973,0.1107,747.0
41.25,15.0,1.0074,0.1254,901.0
41.25,15.25,1.0116,0.1289,902.0
41.25,15.5,1.0117,0.1226,901.0
41.25,15.75,1.0074,0.114,894.0
41.25,16.0,1.0017,0.1049,882.0
41.25,16.25,0.9936,0.0939,766.0
41.25,16.5,0.9823,0.0825,733.0
41.25,16.75,0.9688,0.0731,559.0
41.25,17.0,0.9537,0.0655,558.0
41.25,17.25,0.9407,0.0598,501.0
41.25,17.5,0.9322,0.0562,501.0
41.25,17.75,0.9281,0.0543,501.0
41.25,18.0,0.9269,0.0538,501.0
41.25,18.25,0.9267,0.0537,501.0
41.25,18.5,0.9267,0.0537,501.0
41.25,18.75,0.9267,0.0537,501.0
41.5,6.5,0.9267,0.0537,77.0
41.5,6.75,0.9267,0.0537,77.0
41.5,7.0,0.9267,0.0537,77.0
41.5,7.25,0.9267,0.0537,77.0
41.5,7.5,0.9266,0.0537,77.0
41.5,7.75,0.9264,0.0537,77.0
41.5,8.0,0.9258,0.0536,146.0
41.5,8.25,0.9266,0.054,363.0
41.5,8.5,0.9381,0.0574,432.0
41.5,8.75,0.9754,0.0681,459.0
41.5,9.0,1.0212,0.0803,459.0
41.5,9.25,1.0427,0.0822,458.0
41.5,9.5,1.0309,0.0738,431.0
41.5,9.75,0.9908,0.0632,363.0
41.5,10.0,0.9476,0.0563,172.0
41.5,10.25,0.9298,0.054,172.0
41.5,10.5,0.9269,0.0537,172.0
41.5,10.75,0.9267,0.0537,615.0
41.5,11.0,0.9265,0.0536,615.0
41.5,11.25,0.9256,0.0536,368.0
41.5,11.5,0.9204,0.0534,252.0
41.5,11.75,0.9071,0.0526,252.0
41.5,12.0,0.8915,0.0507,320.0
41.5,12.25,0.8799,0.051,325.0
41.5,12.5,0.8773,0.0603,401.0
41.5,12.75,0.8836,0.0701,449.0
41.5,13.0,0.89,0.0707,451.0
41.5,13.25,0.889,0.0706,451.0
41.5,13.5,0.8876,0.0792,535.0
41.5,13.75,0.8993,0.0939,582.0
41.5,14.0,0.9235,0.0989,584.0
41.5,14.25,0.9505,0.0908,584.0
41.5,14.5,0.9789,0.0925,685.0
41.5,14.75,1.0052,0.1097,701.0
41.5,15.0,1.0153,0.127,901.0
41.5,15.25,1.0201,0.1378,901.0
41.5,15.5,1.0276,0.1455,900.0
41.5,15.75,1.0309,0.1505,892.0
41.5,16.0,1.0262,0.1473,882.0
41.5,16.25,1.0172,0.1293,872.0
41.5,16.5,0.9922,0.0985,794.0
41.5,16.75,0.9515,0.0681,766.0
41.5,17.0,0.9317,0.0562,736.0
41.5,17.25,0.9278,0.0542,559.0
41.5,17.5,0.927,0.0538,501.0
41.5,17.75,0.9268,0.0537,501.0
41.5,18.0,0.9267,0.0537,501.0
41.5,18.25,0.9267,0.0537,501.0
41.5,18.5,0.9267,0.0537,501.0
41.5,18.75,0.9267,0.0537,501.0
41.75,6.5,0.9267,0.0537,77.0
41.75,6.75,0.9267,0.0537,77.0
41.75,7.0,0.9267,0.0537,77.0
41.75,7.25,0.9267,0.0537,77.0
41.75,7.5,0.9267,0.0537,77.0
41.75,7.75,0.9267,0.0537,77.0
41.75,8.0,0.9267,0.0537,201.0
41.75,8.25,0.9268,0.0537,368.0
41.75,8.5,0.928,0.0539,431.0
41.75,8.75,0.9329,0.0548,431.0
41.75,9.0,0.9423,0.0561,431.0
41.75,9.25,0.9487,0.0566,431.0
41.75,9.5,0.9447,0.0558,172.0
41.75,9.75,0.935,0.0546,171.0
41.75,10.0,0.9287,0.0539,171.0
41.75,10.25,0.9269,0.0537,615.0
41.75,10.5,0.9263,0.0535,615.0
41.75,10.75,0.9248,0.0527,615.0
41.75,11.0,0.9212,0.0514,615.0
41.75,11.25,0.9135,0.0509,615.0
41.75,11.5,0.8898,0.051,368.0
41.75,11.75,0.854,0.0502,368.0
41.75,12.0,0.8414,0.0483,368.0
41.75,12.25,0.8477,0.051,450.0
41.75,12.5,0.8544,0.0709,476.0
41.75,12.75,0.8644,0.0891,550.0
41.75,13.0,0.8806,0.0803,476.0
41.75,13.25,0.8932,0.0616,534.0
41.75,13.5,0.8982,0.0561,534.0
41.75,13.75,0.9079,0.061,544.0
41.75,14.0,0.9259,0.0661,581.0
41.75,14.25,0.9441,0.0685,582.0
41.75,14.5,0.9702,0.079,685.0
41.75,14.75,1.0008,0.0978,686.0
41.75,15.0,1.0153,0.1151,882.0
41.75,15.25,1.0247,0.1359,893.0
41.75,15.5,1.0325,0.1565,892.0
41.75,15.75,1.0264,0.1725,891.0
41.75,16.0,1.0181,0.1759,882.0
41.75,16.25,1.0165,0.1559,794.0
41.75,16.5,1.0071,0.1183,794.0
41.75,16.75,0.9656,0.0777,793.0
41.75,17.0,0.9323,0.0567,766.0
41.75,17.25,0.927,0.0538,766.0
41.75,17.5,0.9267,0.0537,736.0
41.75,17.75,0.9267,0.0537,501.0
41.75,18.0,0.9267,0.0537,501.0
41.75,18.25,0.9267,0.0537,501.0
41.75,18.5,0.9267,0.0537,501.0
41.75,18.75,0.9267,0.0537,501.0
42.0,6.5,0.9267,0.0537,77.0
42.0,6.75,0.9267,0.0537,77.0
42.0,7.0,0.9267,0.0537,77.0
42.0,7.25,0.9267,0.0537,77.0
42.0,7.5,0.9267,0.0537,77.0
42.0,7.75,0.9267,0.0537,77.0
42.0,8.0,0.9267,0.0537,232.0
42.0,8.25,0.9267,0.0537,431.0
42.0,8.5,0.9267,0.0537,431.0
42.0,8.75,0.9269,0.0537,431.0
42.0,9.0,0.9272,0.0537,347.0
42.0,9.25,0.9275,0.0538,170.0
42.0,9.5,0.9274,0.0538,320.0
42.0,9.75,0.9274,0.0539,714.0
42.0,10.0,0.9278,0.0541,714.0
42.0,10.25,0.9276,0.0539,714.0
42.0,10.5,0.9229,0.0513,615.0
42.0,10.75,0.9057,0.0421,615.0
42.0,11.0,0.8805,0.0298,615.0
42.0,11.25,0.8657,0.0287,615.0
42.0,11.5,0.8533,0.0404,451.0
42.0,11.75,0.8295,0.0493,446.0
42.0,12.0,0.8148,0.0488,451.0
42.0,12.25,0.8211,0.0532,451.0
42.0,12.5,0.8332,0.0885,451.0
42.0,12.75,0.8461,0.1223,476.0
42.0,13.0,0.8688,0.1111,550.0
42.0,13.25,0.8952,0.0758,550.0
42.0,13.5,0.9096,0.0557,535.0
42.0,13.75,0.918,0.0528,535.0
42.0,14.0,0.9267,0.0549,535.0
42.0,14.25,0.9316,0.0564,576.0
42.0,14.5,0.941,0.0609,685.0
42.0,14.75,0.9609,0.0719,686.0
42.0,15.0,0.9825,0.0885,882.0
42.0,15.25,1.0089,0.1157,892.0
42.0,15.5,1.0269,0.1413,892.0
42.0,15.75,1.024,0.1583,890.0
42.0,16.0,1.0167,0.1615,881.0
42.0,16.25,1.0132,0.1427,794.0
42.0,16.5,0.9991,0.1079,794.0
42.0,16.75,0.9579,0.0721,793.0
42.0,17.0,0.9308,0.0559,766.0
42.0,17.25,0.9269,0.0538,766.0
42.0,17.5,0.9267,0.0537,766.0
42.0,17.75,0.9267,0.0537,736.0
42.0,18.0,0.9267,0.0537,736.0
42.0,18.25,0.9267,0.0537,501.0
42.0,18.5,0.9267,0.0537,501.0
42.0,18.75,0.9267,0.0537,501.0
42.25,6.5,0.9267,0.0537,460.0
42.25,6.75,0.9267,0.0537,549.0
42.25,7.0,0.9267,0.0537,460.0
42.25,7.25,0.9267,0.0537,460.0
42.25,7.5,0.9267,0.0537,77.0
42.25,7.75,0.9267,0.0537,102.0
42.25,8.0,0.9267,0.0537,232.0
42.25,8.25,0.9267,0.0537,347.0
42.25,8.5,0.9267,0.0537,232.0
42.25,8.75,0.9267,0.0537,431.0
42.25,9.0,0.9267,0.0537,714.0
42.25,9.25,0.9269,0.0538,714.0
42.25,9.5,0.9286,0.0545,714.0
42.25,9.75,0.9359,0.0576,714.0
42.25,10.0,0.9501,0.063,714.0
42.25,10.25,0.9568,0.0642,714.0
42.25,10.5,0.9339,0.052,713.0
42.25,10.75,0.884,0.021,615.0
42.25,11.0,0.8563,-0.0067,615.0
42.25,11.25,0.856,0.0052,615.0
42.25,11.5,0.8566,0.0432,615.0
42.25,11.75,0.8422,0.0571,452.0
42.25,12.0,0.8239,0.0501,451.0
42.25,12.25,0.8262,0.0682,451.0
42.25,12.5,0.8443,0.1285,476.0
42.25,12.75,0.8659,0.1582,550.0
42.25,13.0,0.8966,0.1234,603.0
42.25,13.25,0.927,0.0757,938.0
42.25,13.5,0.9357,0.0563,1177.0
42.25,13.75,0.9293,0.0534,1180.0
42.25,14.0,0.9272,0.0536,1178.0
42.25,14.25,0.9271,0.0538,576.0
42.25,14.5,0.9278,0.0542,685.0
42.25,14.75,0.9301,0.0554,756.0
42.25,15.0,0.9358,0.0596,891.0
42.25,15.25,0.9533,0.0729,892.0
42.25,15.5,0.9817,0.0943,891.0
42.25,15.75,0.9991,0.1086,882.0
42.25,16.0,1.0003,0.1096,794.0
42.25,16.25,0.9886,0.0965,794.0
42.25,16.5,0.9619,0.0748,793.0
42.25,16.75,0.9358,0.0586,766.0
42.25,17.0,0.9277,0.0542,766.0
42.25,17.25,0.9268,0.0537,766.0
42.25,17.5,0.9267,0.0537,766.0
42.25,17.75,0.9267,0.0537,736.0
42.25,18.0,0.9267,0.0537,736.0
42.25,18.25,0.9267,0.0537,736.0
42.25,18.5,0.9267,0.0537,735.0
42.25,18.75,0.9267,0.0537,501.0
42.5,6.5,0.9267,0.0537,550.0
42.5,6.75,0.9267,0.0537,550.0
42.5,7.0,0.9267,0.0537,550.0
42.5,7.25,0.9267,0.0537,550.0
42.5,7.5,0.9267,0.0537,550.0
42.5,7.75,0.9267,0.0537,550.0
42.5,8.0,0.9267,0.0537,550.0
42.5,8.25,0.9267,0.0537,550.0
42.5,8.5,0.9267,0.0537,714.0
42.5,8.75,0.9267,0.0537,714.0
42.5,9.0,0.9268,0.0537,714.0
42.5,9.25,0.9281,0.0543,714.0
42.5,9.5,0.9397,0.0595,714.0
42.5,9.75,0.9805,0.0773,714.0
42.5,10.0,1.0328,0.0989,714.0
42.5,10.25,1.0497,0.1046,714.0
42.5,10.5,1.0027,0.086,713.0
42.5,10.75,0.9315,0.0452,615.0
42.5,11.0,0.9039,0.0313,615.0
42.5,11.25,0.8943,0.0697,615.0
42.5,11.5,0.8795,0.1124,782.0
42.5,11.75,0.8554,0.126,782.0
42.5,12.0,0.8382,0.1157,565.0
42.5,12.25,0.8513,0.1302,552.0
42.5,12.5,0.8881,0.1788,771.0
42.5,12.75,0.9384,0.1565,962.0
42.5,13.0,0.985,0.0809,1177.0
42.5,13.25,0.9942,0.0407,1647.0
42.5,13.5,0.9618,0.0467,1652.0
42.5,13.75,0.9349,0.0538,1656.0
42.5,14.0,0.9278,0.054,1658.0
42.5,14.25,0.9268,0.0537,1658.0
42.5,14.5,0.9267,0.0537,1649.0
42.5,14.75,0.9268,0.0537,882.0
42.5,15.0,0.9271,0.0539,892.0
42.5,15.25,0.9283,0.0548,892.0
42.5,15.5,0.932,0.0572,890.0
42.5,15.75,0.9374,0.0604,881.0
42.5,16.0,0.9395,0.0614,794.0
42.5,16.25,0.9358,0.0588,793.0
42.5,16.5,0.9302,0.0555,766.0
42.5,16.75,0.9274,0.054,766.0
42.5,17.0,0.9268,0.0537,766.0
42.5,17.25,0.9267,0.0537,766.0
42.5,17.5,0.9267,0.0537,736.0
42.5,17.75,0.9267,0.0537,736.0
42.5,18.0,0.9267,0.0537,736.0
42.5,18.25,0.9267,0.0537,736.0
42.5,18.5,0.9267,0.0537,735.0
42.5,18.75,0.9267,0.0537,735.0
42.75,6.5,0.9267,0.0537,550.0
42.75,6.75,0.9267,0.0537,550.0
42.75,7.0,0.9267,0.0537,550.0
42.75,7.25,0.9267,0.0537,550.0
42.75,7.5,0.9267,0.0537,550.0
42.75,7.75,0.9267,0.0537,550.0
42.75,8.0,0.9267,0.0537,654.0
42.75,8.25,0.9267,0.0537,550.0
42.75,8.5,0.9267,0.0537,656.0
42.75,8.75,0.9267,0.0537,714.0
42.75,9.0,0.9269,0.0538,714.0
42.75,9.25,0.9298,0.055,714.0
42.75,9.5,0.9528,0.0654,714.0
42.75,9.75,1.0156,0.0949,714.0
42.75,10.0,1.0647,0.1247,714.0
42.75,10.25,1.057,0.1374,714.0
42.75,10.5,1.0081,0.1291,713.0
42.75,10.75,0.9664,0.1237,632.0
42.75,11.0,0.9467,0.1305,670.0
42.75,11.25,0.933,0.1348,811.0
42.75,11.5,0.9111,0.1463,855.0
42.75,11.75,0.8743,0.1713,855.0
42.75,12.0,0.8532,0.1852,784.0
42.75,12.25,0.8683,0.2018,673.0
42.75,12.5,0.9054,0.2294,782.0
42.75,12.75,0.9711,0.1718,1000.0
42.75,13.0,1.035,0.0758,1353.0
42.75,13.25,1.0371,0.0445,1651.0
42.75,13.5,0.9864,0.066,1656.0
42.75,13.75,0.9498,0.0722,1658.0
42.75,14.0,0.9323,0.06,1659.0
42.75,14.25,0.9273,0.0544,1660.0
42.75,14.5,0.9267,0.0537,1660.0
42.75,14.75,0.9267,0.0537,1652.0
42.75,15.0,0.9267,0.0537,892.0
42.75,15.25,0.9267,0.0537,891.0
42.75,15.5,0.9268,0.0537,882.0
42.75,15.75,0.9269,0.0538,794.0
42.75,16.0,0.927,0.0538,793.0
42.75,16.25,0.9269,0.0538,766.0
42.75,16.5,0.9268,0.0537,766.0
42.75,16.75,0.9267,0.0537,766.0
42.75,17.0,0.9267,0.0537,766.0
42.75,17.25,0.9267,0.0537,762.0
42.75,17.5,0.9267,0.0537,736.0
42.75,17.75,0.9267,0.0537,736.0
42.75,18.0,0.9267,0.0537,736.0
42.75,18.25,0.9267,0.0537,735.0
42.75,18.5,0.9267,0.0537,735.0
42.75,18.75,0.9267,0.0537,602.0
43.0,6.5,0.9267,0.0537,550.0
43.0,6.75,0.9267,0.0537,550.0
43.0,7.0,0.9265,0.0536,655.0
43.0,7.25,0.9261,0.0535,656.0
43.0,7.5,0.9255,0.0534,929.0
43.0,7.75,0.9254,0.0534,930.0
43.0,8.0,0.9259,0.0535,930.0
43.0,8.25,0.9264,0.0536,789.0
43.0,8.5,0.9266,0.0537,550.0
43.0,8.75,0.9267,0.0537,713.0
43.0,9.0,0.9268,0.0537,714.0
43.0,9.25,0.9286,0.0545,714.0
43.0,9.5,0.9436,0.0612,714.0
43.0,9.75,0.9863,0.0821,714.0
43.0,10.0,1.0092,0.107,713.0
43.0,10.25,0.9912,0.1199,713.0
43.0,10.5,0.9708,0.1346,670.0
43.0,10.75,0.961,0.1686,670.0
43.0,11.0,0.9594,0.182,738.0
43.0,11.25,0.9574,0.1554,771.0
43.0,11.5,0.9374,0.1376,855.0
43.0,11.75,0.8958,0.1546,908.0
43.0,12.0,0.8762,0.1654,854.0
43.0,12.25,0.8899,0.1959,759.0
43.0,12.5,0.9138,0.2641,920.0
43.0,12.75,0.9682,0.2466,962.0
43.0,13.0,1.0404,0.153,1352.0
43.0,13.25,1.058,0.1025,1649.0
43.0,13.5,1.0096,0.1042,1655.0
43.0,13.75,0.9615,0.0886,1658.0
43.0,14.0,0.9341,0.0625,1659.0
43.0,14.25,0.9274,0.0545,1659.0
43.0,14.5,0.9267,0.0537,1660.0
43.0,14.75,0.9267,0.0537,1659.0
43.0,15.0,0.9267,0.0537,1353.0
43.0,15.25,0.9267,0.0537,882.0
43.0,15.5,0.9267,0.0537,872.0
43.0,15.75,0.9267,0.0537,793.0
43.0,16.0,0.9267,0.0537,766.0
43.0,16.25,0.9267,0.0537,766.0
43.0,16.5,0.9267,0.0537,766.0
43.0,16.75,0.9267,0.0537,766.0
43.0,17.0,0.9267,0.0537,736.0
43.0,17.25,0.9267,0.0537,736.0
43.0,17.5,0.9267,0.0537,736.0
43.0,17.75,0.9267,0.0537,735.0
43.0,18.0,0.9267,0.0537,735.0
43.0,18.25,0.9267,0.0537,603.0
43.0,18.5,0.9267,0.0537,602.0
43.0,18.75,0.9267,0.0537,491.0
43.25,6.5,0.9266,0.0537,1386.0
43.25,6.75,0.9259,0.0535,1211.0
43.25,7.0,0.9215,0.0525,1165.0
43.25,7.25,0.909,0.0501,1162.0
43.25,7.5,0.8949,0.048,1162.0
43.25,7.75,0.8919,0.0481,1121.0
43.25,8.0,0.901,0.0496,1003.0
43.25,8.25,0.9137,0.0517,932.0
43.25,8.5,0.9224,0.0531,823.0
43.25,8.75,0.9258,0.0536,550.0
43.25,9.0,0.9266,0.0537,611.0
43.25,9.25,0.9265,0.0538,713.0
43.25,9.5,0.9246,0.0547,712.0
43.25,9.75,0.9152,0.058,440.0
43.25,10.0,0.9065,0.0658,420.0
43.25,10.25,0.9089,0.0831,450.0
43.25,10.5,0.9137,0.1227,595.0
43.25,10.75,0.9162,0.1708,670.0
43.25,11.0,0.9194,0.1933,670.0
43.25,11.25,0.9238,0.1724,695.0
43.25,11.5,0.9176,0.1386,813.0
43.25,11.75,0.8933,0.1285,869.0
43.25,12.0,0.8795,0.1256,920.0
43.25,12.25,0.8941,0.1457,921.0
43.25,12.5,0.9234,0.2119,921.0
43.25,12.75,0.9741,0.2389,964.0
43.25,13.0,1.0373,0.1969,1094.0
43.25,13.25,1.0544,0.1491,1353.0
43.25,13.5,0.999,0.1102,1648.0
43.25,13.75,0.9457,0.0724,1654.0
43.25,14.0,0.9293,0.0567,1657.0
43.25,14.25,0.9269,0.0539,1658.0
43.25,14.5,0.9267,0.0537,1659.0
43.25,14.75,0.9267,0.0537,1659.0
43.25,15.0,0.9267,0.0537,1658.0
43.25,15.25,0.9267,0.0537,890.0
43.25,15.5,0.9267,0.0537,794.0
43.25,15.75,0.9267,0.0537,766.0
43.25,16.0,0.9267,0.0537,766.0
43.25,16.25,0.9267,0.0537,766.0
43.25,16.5,0.9267,0.0537,736.0
43.25,16.75,0.9267,0.0537,736.0
43.25,17.0,0.9267,0.0537,736.0
43.25,17.25,0.9267,0.0537,735.0
43.25,17.5,0.9267,0.0537,735.0
43.25,17.75,0.9267,0.0537,731.0
43.25,18.0,0.9267,0.0537,603.0
43.25,18.25,0.9267,0.0537,602.0
43.25,18.5,0.9267,0.0537,491.0
43.25,18.75,0.9267,0.0537,491.0
43.5,6.5,0.926,0.0534,1986.0
43.5,6.75,0.9192,0.0515,1695.0
43.5,7.0,0.8872,0.0462,1389.0
43.5,7.25,0.8355,0.0494,1354.0
43.5,7.5,0.8046,0.0669,1215.0
43.5,7.75,0.8003,0.0753,1214.0
43.5,8.0,0.8127,0.0664,1211.0
43.5,8.25,0.8371,0.0522,1163.0
43.5,8.5,0.8767,0.0484,980.0
43.5,8.75,0.9121,0.052,822.0
43.5,9.0,0.9235,0.0536,647.0
43.5,9.25,0.9207,0.0543,610.0
43.5,9.5,0.9057,0.0589,615.0
43.5,9.75,0.8803,0.0826,672.0
43.5,10.0,0.8639,0.1278,705.0
43.5,10.25,0.8596,0.1551,672.0
43.5,10.5,0.86,0.1672,671.0
43.5,10.75,0.8563,0.1986,670.0
43.5,11.0,0.8497,0.2348,670.0
43.5,11.25,0.8496,0.2404,745.0
43.5,11.5,0.8543,0.2252,881.0
43.5,11.75,0.8505,0.2115,973.0
43.5,12.0,0.8415,0.1985,1000.0
43.5,12.25,0.8555,0.1735,1000.0
43.5,12.5,0.8979,0.1602,1000.0
43.5,12.75,0.9549,0.166,1091.0
43.5,13.0,1.0044,0.1531,1094.0
43.5,13.25,1.0028,0.1172,1094.0
43.5,13.5,0.9541,0.0748,1095.0
43.5,13.75,0.9306,0.057,1353.0
43.5,14.0,0.927,0.054,1649.0
43.5,14.25,0.9267,0.0537,1653.0
43.5,14.5,0.9267,0.0537,1656.0
43.5,14.75,0.9267,0.0537,1657.0
43.5,15.0,0.9267,0.0537,1657.0
43.5,15.25,0.9267,0.0537,1652.0
43.5,15.5,0.9267,0.0537,766.0
43.5,15.75,0.9267,0.0537,765.0
43.5,16.0,0.9267,0.0537,736.0
43.5,16.25,0.9267,0.0537,736.0
43.5,16.5,0.9267,0.0537,735.0
43.5,16.75,0.9267,0.0537,735.0
43.5,17.0,0.9267,0.0537,735.0
43.5,17.25,0.9267,0.0537,726.0
43.5,17.5,0.9267,0.0537,603.0
43.5,17.75,0.9267,0.0537,602.0
43.5,18.0,0.9267,0.0537,602.0
43.5,18.25,0.9267,0.0537,491.0
43.5,18.5,0.9267,0.0537,491.0
43.5,18.75,0.9267,0.0537,490.0
43.75,6.5,0.922,0.0492,2018.0
43.75,6.75,0.9013,0.0412,2018.0
43.75,7.0,0.8474,0.0511,1901.0
43.75,7.25,0.7903,0.0933,1805.0
43.75,7.5,0.7642,0.1278,1645.0
43.75,7.75,0.7611,0.1368,1645.0
43.75,8.0,0.7664,0.1285,1374.0
43.75,8.25,0.7805,0.1051,1214.0
43.75,8.5,0.8173,0.0723,1162.0
43.75,8.75,0.8806,0.0614,980.0
43.75,9.0,0.9175,0.07,860.0
43.75,9.25,0.907,0.0856,846.0
43.75,9.5,0.8906,0.1326,859.0
43.75,9.75,0.8751,0.2413,960.0
43.75,10.0,0.8622,0.3334,970.0
43.75,10.25,0.8637,0.3413,1000.0
43.75,10.5,0.8699,0.3219,980.0
43.75,10.75,0.8682,0.341,960.0
43.75,11.0,0.857,0.3917,919.0
43.75,11.25,0.8513,0.3949,930.0
43.75,11.5,0.857,0.3439,960.0
43.75,11.75,0.8577,0.2947,1065.0
43.75,12.0,0.8549,0.248,1110.0
43.75,12.25,0.8732,0.1837,1074.0
43.75,12.5,0.9066,0.1256,1068.0
43.75,12.75,0.9332,0.1061,1000.0
43.75,13.0,0.9492,0.0965,1000.0
43.75,13.25,0.9461,0.0737,1088.0
43.75,13.5,0.932,0.058,1090.0
43.75,13.75,0.9273,0.0541,1092.0
43.75,14.0,0.9267,0.0537,1094.0
43.75,14.25,0.9267,0.0537,1350.0
43.75,14.5,0.9267,0.0537,1353.0
43.75,14.75,0.9267,0.0537,1647.0
43.75,15.0,0.9267,0.0537,1650.0
43.75,15.25,0.9267,0.0537,1652.0
43.75,15.5,0.9267,0.0537,1353.0
43.75,15.75,0.9267,0.0537,735.0
43.75,16.0,0.9267,0.0537,735.0
43.75,16.25,0.9267,0.0537,735.0
43.75,16.5,0.9267,0.0537,731.0
43.75,16.75,0.9267,0.0537,603.0
43.75,17.0,0.9267,0.0537,603.0
43.75,17.25,0.9267,0.0537,602.0
43.75,17.5,0.9267,0.0537,602.0
43.75,17.75,0.9267,0.0537,602.0
43.75,18.0,0.9267,0.0537,491.0
43.75,18.25,0.9267,0.0537,491.0
43.75,18.5,0.9267,0.0537,490.0
43.75,18.75,0.9267,0.0537,490.0
44.0,6.5,0.9037,0.0258,1995.0
44.0,6.75,0.8738,0.0177,2018.0
44.0,7.0,0.8251,0.0479,2018.0
44.0,7.25,0.7794,0.0954,1904.0
44.0,7.5,0.7621,0.1251,1848.0
44.0,7.75,0.761,0.1331,1765.0
44.0,8.0,0.7675,0.1292,1645.0
44.0,8.25,0.7923,0.1183,1375.0
44.0,8.5,0.849,0.1135,1162.0
44.0,8.75,0.9195,0.1488,980.0
44.0,9.0,0.9334,0.2071,1006.0
44.0,9.25,0.8997,0.2653,1007.0
44.0,9.5,0.8736,0.3176,1007.0
44.0,9.75,0.8613,0.3751,1070.0
44.0,10.0,0.867,0.3892,1150.0
44.0,10.25,0.8922,0.3419,1297.0
44.0,10.5,0.9202,0.2912,1371.0
44.0,10.75,0.9366,0.2883,1371.0
44.0,11.0,0.932,0.3412,1150.0
44.0,11.25,0.9157,0.3931,955.0
44.0,11.5,0.9087,0.3779,950.0
44.0,11.75,0.9009,0.3239,960.0
44.0,12.0,0.8977,0.2455,1058.0
44.0,12.25,0.91,0.1568,1000.0
44.0,12.5,0.9241,0.0987,850.0
44.0,12.75,0.9315,0.0795,685.0
44.0,13.0,0.934,0.0697,680.0
44.0,13.25,0.9314,0.0592,459.0
44.0,13.5,0.9277,0.0546,329.0
44.0,13.75,0.9268,0.0538,329.0
44.0,14.0,0.9267,0.0537,328.0
44.0,14.25,0.9267,0.0537,328.0
44.0,14.5,0.9267,0.0537,328.0
44.0,14.75,0.9267,0.0537,328.0
44.0,15.0,0.9267,0.0537,328.0
44.0,15.25,0.9267,0.0537,329.0
44.0,15.5,0.9267,0.0537,1353.0
44.0,15.75,0.9267,0.0537,735.0
44.0,16.0,0.9267,0.0537,603.0
44.0,16.25,0.9267,0.0537,603.0
44.0,16.5,0.9267,0.0537,603.0
44.0,16.75,0.9267,0.0537,602.0
44.0,17.0,0.9267,0.0537,602.0
44.0,17.25,0.9267,0.0537,602.0
44.0,17.5,0.9267,0.0537,601.0
44.0,17.75,0.9267,0.0537,491.0
44.0,18.0,0.9267,0.0537,491.0
44.0,18.25,0.9267,0.0537,490.0
44.0,18.5,0.9267,0.0537,490.0
44.0,18.75,0.9267,0.0537,490.0
44.25,6.5,0.8775,-0.0025,1992.0
44.25,6.75,0.8344,0.0039,1990.0
44.25,7.0,0.7726,0.0445,1988.0
44.25,7.25,0.7258,0.0933,1901.0
44.25,7.5,0.7148,0.1264,1849.0
44.25,7.75,0.7325,0.1302,1760.0
44.25,8.0,0.7762,0.1055,1644.0
44.25,8.25,0.8467,0.08,1374.0
44.25,8.5,0.9181,0.1248,1004.0
44.25,8.75,0.9477,0.2392,980.0
44.25,9.0,0.929,0.308,1082.0
44.25,9.25,0.895,0.3516,1082.0
44.25,9.5,0.8744,0.3716,1082.0
44.25,9.75,0.8635,0.3868,1141.0
44.25,10.0,0.86,0.3814,1251.0
44.25,10.25,0.8689,0.3284,1371.0
44.25,10.5,0.8781,0.2748,1580.0
44.25,10.75,0.882,0.2623,1590.0
44.25,11.0,0.8811,0.3005,1321.0
44.25,11.25,0.8723,0.3672,931.0
44.25,11.5,0.8658,0.4016,881.0
44.25,11.75,0.8691,0.3677,858.0
44.25,12.0,0.8896,0.2576,804.0
44.25,12.25,0.9168,0.131,719.0
44.25,12.5,0.9317,0.0685,679.0
44.25,12.75,0.9341,0.0595,627.0
44.25,13.0,0.9311,0.058,458.0
44.25,13.25,0.9278,0.0551,329.0
44.25,13.5,0.9268,0.0539,328.0
44.25,13.75,0.9267,0.0537,328.0
44.25,14.0,0.9267,0.0537,328.0
44.25,14.25,0.9267,0.0537,328.0
44.25,14.5,0.9267,0.0537,328.0
44.25,14.75,0.9267,0.0537,328.0
44.25,15.0,0.9267,0.0537,328.0
44.25,15.25,0.9267,0.0537,217.0
44.25,15.5,0.9267,0.0537,54.0
44.25,15.75,0.9267,0.0537,54.0
44.25,16.0,0.9267,0.0537,602.0
44.25,16.25,0.9267,0.0537,602.0
44.25,16.5,0.9267,0.0537,602.0
44.25,16.75,0.9267,0.0537,602.0
44.25,17.0,0.9267,0.0537,601.0
44.25,17.25,0.9267,0.0537,491.0
44.25,17.5,0.9267,0.0537,491.0
44.25,17.75,0.9267,0.0537,490.0
44.25,18.0,0.9267,0.0537,490.0
44.25,18.25,0.9267,0.0537,490.0
44.25,18.5,0.9267,0.0537,395.0
44.25,18.75,0.9267,0.0537,393.0
44.5,6.5,0.8595,-0.0204,2099.0
44.5,6.75,0.8041,-0.0048,2017.0
44.5,7.0,0.7354,0.0339,1990.0
44.5,7.25,0.6891,0.0712,1834.0
44.5,7.5,0.6751,0.1009,1760.0
44.5,7.75,0.6912,0.1155,1644.0
44.5,8.0,0.7469,0.0967,1094.0
44.5,8.25,0.8367,0.0882,980.0
44.5,8.5,0.911,0.1719,883.0
44.5,8.75,0.9419,0.2462,1032.0
44.5,9.0,0.9337,0.2644,1100.0
44.5,9.25,0.9049,0.289,1115.0
44.5,9.5,0.8733,0.3085,1113.0
44.5,9.75,0.8362,0.3395,1140.0
44.5,10.0,0.79,0.3886,1168.0
44.5,10.25,0.7527,0.3855,1254.0
44.5,10.5,0.7307,0.3375,1339.0
44.5,10.75,0.7397,0.2842,1320.0
44.5,11.0,0.7744,0.2618,1051.0
44.5,11.25,0.7989,0.2934,840.0
44.5,11.5,0.8117,0.3255,780.0
44.5,11.75,0.8268,0.2941,708.0
44.5,12.0,0.856,0.189,570.0
44.5,12.25,0.8949,0.0894,480.0
44.5,12.5,0.9255,0.0559,350.0
44.5,12.75,0.9362,0.0535,278.0
44.5,13.0,0.9317,0.054,278.0
44.5,13.25,0.9274,0.0538,328.0
44.5,13.5,0.9267,0.0537,328.0
44.5,13.75,0.9267,0.0537,328.0
44.5,14.0,0.9267,0.0537,328.0
44.5,14.25,0.9267,0.0537,328.0
44.5,14.5,0.9267,0.0537,217.0
44.5,14.75,0.9267,0.0537,217.0
44.5,15.0,0.9267,0.0537,54.0
44.5,15.25,0.9267,0.0537,54.0
44.5,15.5,0.9267,0.0537,54.0
44.5,15.75,0.9267,0.0537,54.0
44.5,16.0,0.9267,0.0537,54.0
44.5,16.25,0.9267,0.0537,395.0
44.5,16.5,0.9267,0.0537,601.0
44.5,16.75,0.9267,0.0537,491.0
44.5,17.0,0.9267,0.0537,491.0
44.5,17.25,0.9267,0.0537,490.0
44.5,17.5,0.9267,0.0537,490.0
44.5,17.75,0.9267,0.0537,490.0
44.5,18.0,0.9267,0.0537,490.0
44.5,18.25,0.9267,0.0537,395.0
44.5,18.5,0.9267,0.0537,393.0
44.5,18.75,0.9267,0.0537,393.0
44.75,6.5,0.8476,-0.0318,2274.0
44.75,6.75,0.7951,-0.0146,2249.0
44.75,7.0,0.745,0.0112,2151.0
44.75,7.25,0.7199,0.029,2015.0
44.75,7.5,0.7155,0.0368,1695.0
44.75,7.75,0.7114,0.0483,1256.0
44.75,8.0,0.706,0.084,780.0
44.75,8.25,0.734,0.154,780.0
44.75,8.5,0.8038,0.2375,820.0
44.75,8.75,0.8618,0.2438,1042.0
44.75,9.0,0.8652,0.2301,1200.0
44.75,9.25,0.8259,0.2562,1200.0
44.75,9.5,0.7794,0.2839,1119.0
44.75,9.75,0.7565,0.2901,1081.0
44.75,10.0,0.7453,0.3063,1040.0
44.75,10.25,0.7351,0.2988,995.0
44.75,10.5,0.7255,0.2359,982.0
44.75,10.75,0.7225,0.1651,834.0
44.75,11.0,0.7398,0.1304,729.0
44.75,11.25,0.7638,0.1399,612.0
44.75,11.5,0.7806,0.1458,411.0
44.75,11.75,0.7954,0.1171,286.0
44.75,12.0,0.8206,0.0771,184.0
44.75,12.25,0.857,0.0577,57.0
44.75,12.5,0.8886,0.054,25.0
44.75,12.75,0.9103,0.0537,21.0
44.75,13.0,0.9229,0.0537,21.0
44.75,13.25,0.9263,0.0537,36.0
44.75,13.5,0.9267,0.0537,54.0
44.75,13.75,0.9267,0.0537,116.0
44.75,14.0,0.9267,0.0537,190.0
44.75,14.25,0.9267,0.0537,190.0
44.75,14.5,0.9267,0.0537,190.0
44.75,14.75,0.9267,0.0537,54.0
44.75,15.0,0.9267,0.0537,54.0
44.75,15.25,0.9267,0.0537,54.0
44.75,15.5,0.9267,0.0537,54.0
44.75,15.75,0.9267,0.0537,54.0
44.75,16.0,0.9267,0.0537,54.0
44.75,16.25,0.9267,0.0537,54.0
44.75,16.5,0.9267,0.0537,191.0
44.75,16.75,0.9267,0.0537,490.0
44.75,17.0,0.9267,0.0537,490.0
44.75,17.25,0.9267,0.0537,490.0
44.75,17.5,0.9267,0.0537,490.0
44.75,17.75,0.9267,0.0537,395.0
44.75,18.0,0.9267,0.0537,394.0
44.75,18.25,0.9267,0.0537,393.0
44.75,18.5,0.9267,0.0537,393.0
44.75,18.75,0.9267,0.0537,273.0
45.0,6.5,0.8345,-0.0248,2280.0
45.0,6.75,0.7846,-0.0078,2274.0
45.0,7.0,0.7533,0.0066,2225.0
45.0,7.25,0.7495,0.0124,2097.0
45.0,7.5,0.7566,0.0184,1672.0
45.0,7.75,0.747,0.0447,1387.0
45.0,8.0,0.7115,0.0876,770.0
45.0,8.25,0.6874,0.112,640.0
45.0,8.5,0.7081,0.1544,725.0
45.0,8.75,0.741,0.1919,812.0
45.0,9.0,0.7389,0.2006,1082.0
45.0,9.25,0.7111,0.2159,1108.0
45.0,9.5,0.6936,0.2156,1076.0
45.0,9.75,0.7014,0.1938,982.0
45.0,10.0,0.7145,0.1825,803.0
45.0,10.25,0.7217,0.1643,663.0
45.0,10.5,0.7205,0.1182,550.0
45.0,10.75,0.7116,0.0823,512.0
45.0,11.0,0.7136,0.071,429.0
45.0,11.25,0.7347,0.0679,288.0
45.0,11.5,0.7587,0.0644,212.0
45.0,11.75,0.7823,0.0588,207.0
45.0,12.0,0.8141,0.0541,100.0
45.0,12.25,0.8494,0.053,83.0
45.0,12.5,0.8782,0.0534,11.0
45.0,12.75,0.904,0.0536,3.0
45.0,13.0,0.9213,0.0537,3.0
45.0,13.25,0.9261,0.0537,3.0
45.0,13.5,0.9267,0.0537,3.0
45.0,13.75,0.9267,0.0537,3.0
45.0,14.0,0.9267,0.0537,5.0
45.0,14.25,0.9267,0.0537,19.0
45.0,14.5,0.9267,0.0537,54.0
45.0,14.75,0.9267,0.0537,54.0
45.0,15.0,0.9267,0.0537,54.0
45.0,15.25,0.9267,0.0537,54.0
45.0,15.5,0.9267,0.0537,54.0
45.0,15.75,0.9267,0.0537,54.0
45.0,16.0,0.9267,0.0537,54.0
45.0,16.25,0.9267,0.0537,54.0
45.0,16.5,0.9267,0.0537,54.0
45.0,16.75,0.9267,0.0537,54.0
45.0,17.0,0.9267,0.0537,395.0
45.0,17.25,0.9267,0.0537,395.0
45.0,17.5,0.9267,0.0537,394.0
45.0,17.75,0.9267,0.0537,394.0
45.0,18.0,0.9267,0.0537,393.0
45.0,18.25,0.9267,0.0537,393.0
45.0,18.5,0.9267,0.0537,273.0
45.0,18.75,0.9267,0.0537,273.0
45.25,6.5,0.8357,-0.0195,2279.0
45.25,6.75,0.787,-0.0058,2276.0
45.25,7.0,0.7624,0.0027,2208.0
45.25,7.25,0.7697,0.0005,2009.0
45.25,7.5,0.785,0.0053,1800.0
45.25,7.75,0.7819,0.0413,1588.0
45.25,8.0,0.7479,0.1025,1555.0
45.25,8.25,0.7039,0.1355,1267.0
45.25,8.5,0.6942,0.1069,725.0
45.25,8.75,0.7123,0.0892,502.0
45.25,9.0,0.7248,0.1015,520.0
45.25,9.25,0.724,0.1114,575.0
45.25,9.5,0.7146,0.1221,586.0
45.25,9.75,0.7074,0.1342,574.0
45.25,10.0,0.7128,0.1456,502.0
45.25,10.25,0.729,0.1484,534.0
45.25,10.5,0.7437,0.1314,757.0
45.25,10.75,0.7458,0.1075,911.0
45.25,11.0,0.7481,0.0882,1004.0
45.25,11.25,0.7679,0.0641,1005.0
45.25,11.5,0.7962,0.0438,1028.0
45.25,11.75,0.8199,0.0367,988.0
45.25,12.0,0.8446,0.0381,929.0
45.25,12.25,0.8748,0.044,773.0
45.25,12.5,0.9023,0.0499,680.0
45.25,12.75,0.9188,0.0526,680.0
45.25,13.0,0.9252,0.0535,717.0
45.25,13.25,0.9265,0.0536,1020.0
45.25,13.5,0.9267,0.0537,1303.0
45.25,13.75,0.9267,0.0537,1310.0
45.25,14.0,0.9267,0.0537,1464.0
45.25,14.25,0.9267,0.0537,1467.0
45.25,14.5,0.9267,0.0537,1468.0
45.25,14.75,0.9267,0.0537,1469.0
45.25,15.0,0.9267,0.0537,1469.0
45.25,15.25,0.9267,0.0537,1470.0
45.25,15.5,0.9267,0.0537,1505.0
45.25,15.75,0.9267,0.0537,1508.0
45.25,16.0,0.9267,0.0537,1611.0
45.25,16.25,0.9267,0.0537,1616.0
45.25,16.5,0.9267,0.0537,1619.0
45.25,16.75,0.9267,0.0537,1627.0
45.25,17.0,0.9267,0.0537,1628.0
45.25,17.25,0.9267,0.0537,1627.0
45.25,17.5,0.9267,0.0537,394.0
45.25,17.75,0.9267,0.0537,393.0
45.25,18.0,0.9267,0.0537,393.0
45.25,18.25,0.9267,0.0537,273.0
45.25,18.5,0.9267,0.0537,273.0
45.25,18.75,0.9267,0.0537,273.0
45.5,6.5,0.8548,-0.0318,2300.0
45.5,6.75,0.8149,-0.034,2301.0
45.5,7.0,0.7888,-0.0274,2301.0
45.5,7.25,0.7974,-0.0294,1999.0
45.5,7.5,0.8215,-0.0262,1923.0
45.5,7.75,0.8263,0.0019,1833.0
45.5,8.0,0.7918,0.0517,1755.0
45.5,8.25,0.7502,0.0884,1580.0
45.5,8.5,0.7524,0.0845,1290.0
45.5,8.75,0.7781,0.0984,865.0
45.5,9.0,0.7953,0.1598,554.0
45.5,9.25,0.8062,0.1924,673.0
45.5,9.5,0.8107,0.1903,1000.0
45.5,9.75,0.8056,0.1777,1182.0
45.5,10.0,0.8027,0.1632,1245.0
45.5,10.25,0.8152,0.1384,1244.0
45.5,10.5,0.827,0.0978,1148.0
45.5,10.75,0.8237,0.0531,1148.0
45.5,11.0,0.8198,0.0208,1329.0
45.5,11.25,0.8273,-0.0017,1428.0
45.5,11.5,0.8381,-0.0146,1428.0
45.5,11.75,0.8443,-0.0162,1337.0
45.5,12.0,0.849,-0.0101,1328.0
45.5,12.25,0.8586,0.0006,1328.0
45.5,12.5,0.8785,0.0154,1331.0
45.5,12.75,0.9042,0.0341,1462.0
45.5,13.0,0.9208,0.048,1466.0
45.5,13.25,0.9258,0.0528,1468.0
45.5,13.5,0.9266,0.0536,1469.0
45.5,13.75,0.9267,0.0537,1470.0
45.5,14.0,0.9267,0.0537,1505.0
45.5,14.25,0.9267,0.0537,1506.0
45.5,14.5,0.9267,0.0537,1507.0
45.5,14.75,0.9267,0.0537,1512.0
45.5,15.0,0.9267,0.0537,1614.0
45.5,15.25,0.9267,0.0537,1619.0
45.5,15.5,0.9267,0.0537,1627.0
45.5,15.75,0.9267,0.0537,1629.0
45.5,16.0,0.9267,0.0537,1631.0
45.5,16.25,0.9267,0.0537,1632.0
45.5,16.5,0.9267,0.0537,1633.0
45.5,16.75,0.9267,0.0537,1633.0
45.5,17.0,0.9267,0.0537,1633.0
45.5,17.25,0.9267,0.0537,1633.0
45.5,17.5,0.9267,0.0537,1633.0
45.5,17.75,0.9267,0.0537,1633.0
45.5,18.0,0.9267,0.0537,1627.0
45.5,18.25,0.9267,0.0537,273.0
45.5,18.5,0.9267,0.0537,273.0
45.5,18.75,0.9267,0.0537,273.0
45.75,6.5,0.8592,-0.0531,2008.0
45.75,6.75,0.8345,-0.07,2280.0
45.75,7.0,0.8151,-0.066,2001.0
45.75,7.25,0.8151,-0.0615,1954.0
45.75,7.5,0.835,-0.0594,1952.0
45.75,7.75,0.8358,-0.0436,1943.0
45.75,8.0,0.8029,-0.0127,1758.0
45.75,8.25,0.7905,0.0007,1645.0
45.75,8.5,0.8183,-0.0018,1402.0
45.75,8.75,0.8471,0.0431,1162.0
45.75,9.0,0.8581,0.1318,1159.0
45.75,9.25,0.8737,0.1495,1234.0
45.75,9.5,0.8896,0.1235,1713.0
45.75,9.75,0.889,0.1042,1851.0
45.75,10.0,0.8748,0.0985,1868.0
45.75,10.25,0.8686,0.0889,1859.0
45.75,10.5,0.8642,0.0713,1790.0
45.75,10.75,0.8497,0.0423,1482.0
45.75,11.0,0.842,0.0013,1458.0
45.75,11.25,0.8437,-0.0225,1459.0
45.75,11.5,0.8466,-0.03,1459.0
45.75,11.75,0.8472,-0.0306,1454.0
45.75,12.0,0.8469,-0.0285,1383.0
45.75,12.25,0.8474,-0.0252,1401.0
45.75,12.5,0.8512,-0.0205,1464.0
45.75,12.75,0.864,-0.0096,1468.0
45.75,13.0,0.8922,0.0169,1505.0
45.75,13.25,0.9186,0.0445,1506.0
45.75,13.5,0.9259,0.0527,1508.0
45.75,13.75,0.9267,0.0536,1511.0
45.75,14.0,0.9267,0.0537,1616.0
45.75,14.25,0.9267,0.0537,1626.0
45.75,14.5,0.9267,0.0537,1630.0
45.75,14.75,0.9267,0.0537,1632.0
45.75,15.0,0.9267,0.0537,1634.0
45.75,15.25,0.9267,0.0537,1709.0
45.75,15.5,0.9267,0.0537,1709.0
45.75,15.75,0.9267,0.0537,1710.0
45.75,16.0,0.9267,0.0537,1710.0
45.75,16.25,0.9267,0.0537,1709.0
45.75,16.5,0.9267,0.0537,1709.0
45.75,16.75,0.9267,0.0537,1634.0
45.75,17.0,0.9267,0.0537,1634.0
45.75,17.25,0.9267,0.0537,1633.0
45.75,17.5,0.9267,0.0537,1633.0
45.75,17.75,0.9267,0.0537,1633.0
45.75,18.0,0.9267,0.0537,1633.0
45.75,18.25,0.9267,0.0537,1633.0
45.75,18.5,0.9267,0.0537,1633.0
45.75,18.75,0.9267,0.0537,1628.0
46.0,6.5,0.8722,-0.0381,1911.0
46.0,6.75,0.85,-0.0703,1944.0
46.0,7.0,0.8365,-0.0781,1952.0
46.0,7.25,0.8262,-0.0758,1954.0
46.0,7.5,0.8205,-0.0724,1954.0
46.0,7.75,0.8051,-0.0624,1954.0
46.0,8.0,0.7862,-0.0452,1836.0
46.0,8.25,0.7973,-0.0354,1695.0
46.0,8.5,0.8358,-0.0219,1515.0
46.0,8.75,0.8675,0.0431,1390.0
46.0,9.0,0.8772,0.1368,1302.0
46.0,9.25,0.8885,0.1439,1826.0
46.0,9.5,0.8941,0.1129,1954.0
46.0,9.75,0.8789,0.0956,2014.0
46.0,10.0,0.851,0.0955,2150.0
46.0,10.25,0.8354,0.0941,2280.0
46.0,10.5,0.8351,0.0852,2300.0
46.0,10.75,0.8335,0.0684,2152.0
46.0,11.0,0.8328,0.0251,1722.0
46.0,11.25,0.8417,-0.0146,1563.0
46.0,11.5,0.8456,-0.0266,1566.0
46.0,11.75,0.847,-0.0312,1620.0
46.0,12.0,0.8482,-0.0339,1620.0
46.0,12.25,0.8487,-0.0344,1620.0
46.0,12.5,0.8496,-0.033,1554.0
46.0,12.75,0.8534,-0.0288,1611.0
46.0,13.0,0.8679,-0.014,1618.0
46.0,13.25,0.9014,0.0232,1627.0
46.0,13.5,0.9231,0.0492,1632.0
46.0,13.75,0.9265,0.0534,1709.0
46.0,14.0,0.9267,0.0537,1711.0
46.0,14.25,0.9267,0.0537,1711.0
46.0,14.5,0.9267,0.0537,1712.0
46.0,14.75,0.9267,0.0537,1712.0
46.0,15.0,0.9267,0.0537,1712.0
46.0,15.25,0.9267,0.0537,1712.0
46.0,15.5,0.9267,0.0537,1711.0
46.0,15.75,0.9267,0.0537,1711.0
46.0,16.0,0.9267,0.0537,1711.0
46.0,16.25,0.9267,0.0537,1710.0
46.0,16.5,0.9267,0.0537,1709.0
46.0,16.75,0.9267,0.0537,1634.0
46.0,17.0,0.9267,0.0537,1634.0
46.0,17.25,0.9267,0.0537,1633.0
46.0,17.5,0.9267,0.0537,1633.0
46.0,17.75,0.9267,0.0537,1633.0
46.0,18.0,0.9267,0.0537,1633.0
46.0,18.25,0.9267,0.0537,1633.0
46.0,18.5,0.9267,0.0537,1633.0
46.0,18.75,0.9267,0.0537,1632.0
46.25,6.5,0.9078,0.0215,1784.0
46.25,6.75,0.8885,-0.0109,1921.0
46.25,7.0,0.8744,-0.0325,1953.0
46.25,7.25,0.8619,-0.0469,1954.0
46.25,7.5,0.8407,-0.0614,2763.0
46.25,7.75,0.8107,-0.056,2726.0
46.25,8.0,0.7843,-0.0322,1750.0
46.25,8.25,0.787,-0.0134,1746.0
46.25,8.5,0.8227,0.0026,1695.0
46.25,8.75,0.863,0.0698,1695.0
46.25,9.0,0.8854,0.1581,1913.0
46.25,9.25,0.894,0.156,2011.0
46.25,9.5,0.8862,0.1191,2151.0
46.25,9.75,0.8534,0.0972,2296.0
46.25,10.0,0.813,0.0946,2410.0
46.25,10.25,0.7917,0.0947,2380.0
46.25,10.5,0.7871,0.0908,2327.0
46.25,10.75,0.7943,0.0759,2302.0
46.25,11.0,0.8098,0.0448,2159.0
46.25,11.25,0.8254,0.0133,1726.0
46.25,11.5,0.8374,-0.0098,1715.0
46.25,11.75,0.8468,-0.0285,1804.0
46.25,12.0,0.8503,-0.0364,1804.0
46.25,12.25,0.8508,-0.0382,1803.0
46.25,12.5,0.8513,-0.0378,1713.0
46.25,12.75,0.8534,-0.0358,1712.0
46.25,13.0,0.8614,-0.0282,1712.0
46.25,13.25,0.8861,0.0005,1712.0
46.25,13.5,0.9175,0.0411,1712.0
46.25,13.75,0.926,0.0526,1712.0
46.25,14.0,0.9267,0.0536,1713.0
46.25,14.25,0.9267,0.0537,1713.0
46.25,14.5,0.9267,0.0537,1712.0
46.25,14.75,0.9267,0.0537,1712.0
46.25,15.0,0.9267,0.0537,1712.0
46.25,15.25,0.9267,0.0537,1712.0
46.25,15.5,0.9267,0.0537,1712.0
46.25,15.75,0.9267,0.0537,1712.0
46.25,16.0,0.9267,0.0537,1711.0
46.25,16.25,0.9267,0.0537,1710.0
46.25,16.5,0.9267,0.0537,1710.0
46.25,16.75,0.9267,0.0537,1709.0
46.25,17.0,0.9267,0.0537,1634.0
46.25,17.25,0.9267,0.0537,1634.0
46.25,17.5,0.9267,0.0537,1633.0
46.25,17.75,0.9267,0.0537,1633.0
46.25,18.0,0.9267,0.0537,1633.0
46.25,18.25,0.9267,0.0537,1633.0
46.25,18.5,0.9267,0.0537,1633.0
46.25,18.75,0.9267,0.0537,1633.0
46.5,6.5,0.9254,0.0515,1783.0
46.5,6.75,0.9233,0.0479,1908.0
46.5,7.0,0.9205,0.0431,1954.0
46.5,7.25,0.9127,0.0313,2721.0
46.5,7.5,0.8882,-0.0004,2693.0
46.5,7.75,0.856,-0.0234,1754.0
46.5,8.0,0.8289,-0.0187,1753.0
46.5,8.25,0.8187,-0.006,1750.0
46.5,8.5,0.8365,0.0109,1747.0
46.5,8.75,0.8824,0.0767,1923.0
46.5,9.0,0.9298,0.1434,2011.0
46.5,9.25,0.9364,0.1391,2041.0
46.5,9.5,0.9214,0.1008,2287.0
46.5,9.75,0.8817,0.0697,2534.0
46.5,10.0,0.8273,0.0662,2628.0
46.5,10.25,0.7777,0.0781,2477.0
46.5,10.5,0.7292,0.094,2329.0
46.5,10.75,0.7107,0.0871,2302.0
46.5,11.0,0.7466,0.0446,2161.0
46.5,11.25,0.7887,0.0173,1882.0
46.5,11.5,0.8207,-0.0014,1850.0
46.5,11.75,0.8465,-0.0279,1999.0
46.5,12.0,0.8535,-0.0383,1998.0
46.5,12.25,0.852,-0.0394,1852.0
46.5,12.5,0.852,-0.0393,1819.0
46.5,12.75,0.8547,-0.0385,1810.0
46.5,13.0,0.8615,-0.0334,1810.0
46.5,13.25,0.8807,-0.0104,1812.0
46.5,13.5,0.9132,0.0342,1813.0
46.5,13.75,0.9254,0.0518,1814.0
46.5,14.0,0.9266,0.0536,1813.0
46.5,14.25,0.9267,0.0537,1812.0
46.5,14.5,0.9267,0.0537,1810.0
46.5,14.75,0.9267,0.0537,1807.0
46.5,15.0,0.9267,0.0537,1713.0
46.5,15.25,0.9267,0.0537,1713.0
46.5,15.5,0.9267,0.0537,1713.0
46.5,15.75,0.9267,0.0537,1712.0
46.5,16.0,0.9267,0.0537,1712.0
46.5,16.25,0.9267,0.0537,1712.0
46.5,16.5,0.9267,0.0537,1711.0
46.5,16.75,0.9267,0.0537,1710.0
46.5,17.0,0.9267,0.0537,1634.0
46.5,17.25,0.9267,0.0537,1634.0
46.5,17.5,0.9267,0.0537,1634.0
46.5,17.75,0.9267,0.0537,1633.0
46.5,18.0,0.9267,0.0537,1633.0
46.5,18.25,0.9267,0.0537,1633.0
46.5,18.5,0.9267,0.0537,1633.0
46.5,18.75,0.9267,0.0537,1633.0
46.75,6.5,0.9267,0.0536,1783.0
46.75,6.75,0.9266,0.0536,1784.0
46.75,7.0,0.9265,0.0534,1953.0
46.75,7.25,0.9257,0.0521,1781.0
46.75,7.5,0.9206,0.0452,1754.0
46.75,7.75,0.9067,0.0286,1753.0
46.75,8.0,0.8901,0.013,1750.0
46.75,8.25,0.8819,0.0091,1750.0
46.75,8.5,0.8898,0.022,1754.0
46.75,8.75,0.9218,0.0671,2005.0
46.75,9.0,0.9563,0.1113,2012.0
46.75,9.25,0.9627,0.1142,2046.0
46.75,9.5,0.9477,0.0823,2329.0
46.75,9.75,0.9101,0.0414,2727.0
46.75,10.0,0.8522,0.0307,2675.0
46.75,10.25,0.7826,0.0452,2462.0
46.75,10.5,0.7192,0.0596,2327.0
46.75,10.75,0.6997,0.045,2300.0
46.75,11.0,0.7337,0.0061,1905.0
46.75,11.25,0.7787,-0.0072,1716.0
46.75,11.5,0.8145,-0.0061,1808.0
46.75,11.75,0.8465,-0.0236,1997.0
46.75,12.0,0.8583,-0.0354,1998.0
46.75,12.25,0.855,-0.0368,1855.0
46.75,12.5,0.8538,-0.0372,1824.0
46.75,12.75,0.8579,-0.037,1822.0
46.75,13.0,0.867,-0.0293,1822.0
46.75,13.25,0.8894,-0.0001,1822.0
46.75,13.5,0.9175,0.0401,1822.0
46.75,13.75,0.9259,0.0525,1822.0
46.75,14.0,0.9267,0.0536,1822.0
46.75,14.25,0.9267,0.0537,1822.0
46.75,14.5,0.9267,0.0537,1822.0
46.75,14.75,0.9267,0.0537,1821.0
46.75,15.0,0.9267,0.0537,1819.0
46.75,15.25,0.9267,0.0537,1817.0
46.75,15.5,0.9267,0.0537,1815.0
46.75,15.75,0.9267,0.0537,1812.0
46.75,16.0,0.9267,0.0537,1809.0
46.75,16.25,0.9267,0.0537,1713.0
46.75,16.5,0.9267,0.0537,1713.0
46.75,16.75,0.9267,0.0537,1712.0
46.75,17.0,0.9267,0.0537,1711.0
46.75,17.25,0.9267,0.0537,1710.0
46.75,17.5,0.9267,0.0537,1634.0
46.75,17.75,0.9267,0.0537,1634.0
46.75,18.0,0.9267,0.0537,1633.0
46.75,18.25,0.9267,0.0537,1633.0
46.75,18.5,0.9267,0.0537,1633.0
46.75,18.75,0.9267,0.0537,1633.0
47.0,6.5,0.9267,0.0537,1783.0
47.0,6.75,0.9267,0.0537,1783.0
47.0,7.0,0.9267,0.0537,1750.0
47.0,7.25,0.9267,0.0536,1754.0
47.0,7.5,0.9264,0.0533,1753.0
47.0,7.75,0.9255,0.0521,1750.0
47.0,8.0,0.9238,0.0501,1750.0
47.0,8.25,0.9225,0.0488,1751.0
47.0,8.5,0.9235,0.0505,1913.0
47.0,8.75,0.9278,0.0568,2008.0
47.0,9.0,0.9344,0.0672,2012.0
47.0,9.25,0.9384,0.0735,2042.0
47.0,9.5,0.9328,0.0633,2480.0
47.0,9.75,0.9117,0.0321,2691.0
47.0,10.0,0.8784,0.0004,2550.0
47.0,10.25,0.8401,-0.0181,2338.0
47.0,10.5,0.8066,-0.0309,2304.0
47.0,10.75,0.7895,-0.0428,1910.0
47.0,11.0,0.7952,-0.0453,1715.0
47.0,11.25,0.8141,-0.0318,1697.0
47.0,11.5,0.8342,-0.0159,1623.0
47.0,11.75,0.853,-0.014,1668.0
47.0,12.0,0.8638,-0.02,1818.0
47.0,12.25,0.8652,-0.0242,1823.0
47.0,12.5,0.8659,-0.0261,1823.0
47.0,12.75,0.8721,-0.0216,1823.0
47.0,13.0,0.8887,-0.0008,1823.0
47.0,13.25,0.9126,0.0329,1823.0
47.0,13.5,0.9245,0.0504,1823.0
47.0,13.75,0.9265,0.0534,1823.0
47.0,14.0,0.9267,0.0537,1823.0
47.0,14.25,0.9267,0.0537,1823.0
47.0,14.5,0.9267,0.0537,1823.0
47.0,14.75,0.9267,0.0537,1822.0
47.0,15.0,0.9267,0.0537,1822.0
47.0,15.25,0.9267,0.0537,1822.0
47.0,15.5,0.9267,0.0537,1822.0
47.0,15.75,0.9267,0.0537,1822.0
47.0,16.0,0.9267,0.0537,1822.0
47.0,16.25,0.9267,0.0537,1820.0
47.0,16.5,0.9267,0.0537,1818.0
47.0,16.75,0.9267,0.0537,1816.0
47.0,17.0,0.9267,0.0537,1813.0
47.0,17.25,0.9267,0.0537,1810.0
47.0,17.5,0.9267,0.0537,1806.0
47.0,17.75,0.9267,0.0537,1712.0
47.0,18.0,0.9267,0.0537,1710.0
47.0,18.25,0.9267,0.0537,1634.0
47.0,18.5,0.9267,0.0537,1634.0
47.0,18.75,0.9267,0.0537,1633.0
47.25,6.5,0.9267,0.0537,1783.0
47.25,6.75,0.9267,0.0537,1772.0
47.25,7.0,0.9267,0.0537,1754.0
47.25,7.25,0.9267,0.0537,1750.0
47.25,7.5,0.9267,0.0537,1750.0
47.25,7.75,0.9267,0.0537,1753.0
47.25,8.0,0.9267,0.0536,1752.0
47.25,8.25,0.9266,0.0536,1752.0
47.25,8.5,0.9267,0.0536,1926.0
47.25,8.75,0.9268,0.0538,2007.0
47.25,9.0,0.927,0.0542,2011.0
47.25,9.25,0.9271,0.0544,2031.0
47.25,9.5,0.9267,0.0537,2448.0
47.25,9.75,0.9238,0.0492,2490.0
47.25,10.0,0.9145,0.036,2329.0
47.25,10.25,0.8984,0.0146,2303.0
47.25,10.5,0.8826,-0.0046,1905.0
47.25,10.75,0.8716,-0.0153,1706.0
47.25,11.0,0.8647,-0.0185,1698.0
47.25,11.25,0.8629,-0.0156,1624.0
47.25,11.5,0.8674,-0.0089,1564.0
47.25,11.75,0.8742,-0.0048,1563.0
47.25,12.0,0.8793,-0.0049,1564.0
47.25,12.25,0.8833,-0.0038,1565.0
47.25,12.5,0.8908,0.0043,1659.0
47.25,12.75,0.9051,0.0232,1819.0
47.25,13.0,0.9193,0.0429,1822.0
47.25,13.25,0.9253,0.0515,1823.0
47.25,13.5,0.9265,0.0534,1823.0
47.25,13.75,0.9267,0.0537,1823.0
47.25,14.0,0.9267,0.0537,1823.0
47.25,14.25,0.9267,0.0537,1823.0
47.25,14.5,0.9267,0.0537,1823.0
47.25,14.75,0.9267,0.0537,1823.0
47.25,15.0,0.9267,0.0537,1823.0
47.25,15.25,0.9267,0.0537,1823.0
47.25,15.5,0.9267,0.0537,1823.0
47.25,15.75,0.9267,0.0537,1823.0
47.25,16.0,0.9267,0.0537,1823.0
47.25,16.25,0.9267,0.0537,1822.0
47.25,16.5,0.9267,0.0537,1822.0
47.25,16.75,0.9267,0.0537,1822.0
47.25,17.0,0.9267,0.0537,1822.0
47.25,17.25,0.9267,0.0537,1822.0
47.25,17.5,0.9267,0.0537,1821.0
47.25,17.75,0.9267,0.0537,1819.0
47.25,18.0,0.9267,0.0537,1816.0
47.25,18.25,0.9267,0.0537,1814.0
47.25,18.5,0.9267,0.0537,1811.0
47.25,18.75,0.9267,0.0537,1807.0
