lat,lon,ratio
35.6,6.6,1.0
35.6,6.8,1.0
35.6,7.0,1.0
35.6,7.2,1.0
35.6,7.4,1.0
35.6,7.6,1.0
35.6,7.8,1.0
35.6,8.0,1.0
35.6,8.2,1.0
35.6,8.4,1.0
35.6,8.6,1.0
35.6,8.8,1.0
35.6,9.0,1.0
35.6,9.2,1.0
35.6,9.4,1.0
35.6,9.6,1.0
35.6,9.8,1.0
35.6,10.0,1.0
35.6,10.2,1.0
35.6,10.4,1.0
35.6,10.6,1.0
35.6,10.8,1.0
35.6,11.0,1.0
35.6,11.2,1.0
35.6,11.4,1.0
35.6,11.6,1.0
35.6,11.8,1.0
35.6,12.0,1.0
35.6,12.2,1.0
35.6,12.4,1.0
35.6,12.6,1.0
35.6,12.8,1.0
35.6,13.0,1.0
35.6,13.2,1.0
35.6,13.4,1.0
35.6,13.6,1.0
35.6,13.8,1.0
35.6,14.0,1.0
35.6,14.2,1.0
35.6,14.4,1.0
35.6,14.6,1.0
35.6,14.8,1.0
35.6,15.0,1.0
35.6,15.2,1.0
35.6,15.4,1.0
35.6,15.6,1.0
35.6,15.8,1.0
35.6,16.0,1.0
35.6,16.2,1.0
35.6,16.4,1.0
35.6,16.6,1.0
35.6,16.8,1.0
35.6,17.0,1.0
35.6,17.2,1.0
35.6,17.4,1.0
35.6,17.6,1.0
35.6,17.8,1.0
35.6,18.0,1.0
35.6,18.2,1.0
35.6,18.4,1.0
35.6,18.6,1.0
35.8,6.6,1.0
35.8,6.8,1.0
35.8,7.0,1.0
35.8,7.2,1.0
35.8,7.4,1.0
35.8,7.6,1.0
35.8,7.8,1.0
35.8,8.0,1.0
35.8,8.2,1.0
35.8,8.4,1.0
35.8,8.6,1.0
35.8,8.8,1.0
35.8,9.0,1.0
35.8,9.2,1.0
35.8,9.4,1.0
35.8,9.6,1.0
35.8,9.8,1.0
35.8,10.0,1.0
35.8,10.2,1.0
35.8,10.4,1.0
35.8,10.6,1.0
35.8,10.8,1.0
35.8,11.0,1.0
35.8,11.2,1.0
35.8,11.4,1.0
35.8,11.6,1.0
35.8,11.8,1.0
35.8,12.0,1.0
35.8,12.2,1.0
35.8,12.4,1.0
35.8,12.6,1.0
35.8,12.8,1.0
35.8,13.0,1.0
35.8,13.2,1.0
35.8,13.4,1.0
35.8,13.6,1.0
35.8,13.8,1.0
35.8,14.0,1.0
35.8,14.2,1.0
35.8,14.4,1.0
35.8,14.6,1.0
35.8,14.8,1.0
35.8,15.0,1.0
35.8,15.2,1.0
35.8,15.4,1.0
35.8,15.6,1.0
35.8,15.8,1.0
35.8,16.0,1.0
35.8,16.2,1.0
35.8,16.4,1.0
35.8,16.6,1.0
35.8,16.8,1.0
35.8,17.0,1.0
35.8,17.2,1.0
35.8,17.4,1.0
35.8,17.6,1.0
35.8,17.8,1.0
35.8,18.0,1.0
35.8,18.2,1.0
35.8,18.4,1.0
35.8,18.6,1.0
36.0,6.6,1.0
36.0,6.8,1.0
36.0,7.0,1.0
36.0,7.2,1.0
36.0,7.4,1.0
36.0,7.6,1.0
36.0,7.8,1.0
36.0,8.0,1.0
36.0,8.2,1.0
36.0,8.4,1.0
36.0,8.6,1.0
36.0,8.8,1.0
36.0,9.0,1.0
36.0,9.2,1.0
36.0,9.4,1.0
36.0,9.6,1.0
36.0,9.8,1.0
36.0,10.0,1.0
36.0,10.2,1.0
36.0,10.4,1.0
36.0,10.6,1.0
36.0,10.8,1.0
36.0,11.0,1.0
36.0,11.2,1.0
36.0,11.4,1.0
36.0,11.6,1.0
36.0,11.8,1.0
36.0,12.0,1.0
36.0,12.2,1.0
36.0,12.4,1.0
36.0,12.6,1.0
36.0,12.8,1.0
36.0,13.0,1.0
36.0,13.2,1.0
36.0,13.4,1.0
36.0,13.6,1.0
36.0,13.8,1.0
36.0,14.0,1.0
36.0,14.2,1.0
36.0,14.4,1.0
36.0,14.6,1.0
36.0,14.8,1.0
36.0,15.0,1.0
36.0,15.2,1.0
36.0,15.4,1.0
36.0,15.6,1.0
36.0,15.8,1.0
36.0,16.0,1.0
36.0,16.2,1.0
36.0,16.4,1.0
36.0,16.6,1.0
36.0,16.8,1.0
36.0,17.0,1.0
36.0,17.2,1.0
36.0,17.4,1.0
36.0,17.6,1.0
36.0,17.8,1.0
36.0,18.0,1.0
36.0,18.2,1.0
36.0,18.4,1.0
36.0,18.6,1.0
36.2,6.6,1.0
36.2,6.8,1.0
36.2,7.0,1.0
36.2,7.2,1.0
36.2,7.4,1.0
36.2,7.6,1.0
36.2,7.8,1.0
36.2,8.0,1.0
36.2,8.2,1.0
36.2,8.4,1.0
36.2,8.6,1.0
36.2,8.8,1.0
36.2,9.0,1.0
36.2,9.2,1.0
36.2,9.4,1.0
36.2,9.6,1.0
36.2,9.8,1.0
36.2,10.0,1.0
36.2,10.2,1.0
36.2,10.4,1.0
36.2,10.6,1.0
36.2,10.8,1.0
36.2,11.0,1.0
36.2,11.2,1.0
36.2,11.4,1.0
36.2,11.6,1.0
36.2,11.8,1.0
36.2,12.0,1.0
36.2,12.2,1.0
36.2,12.4,1.0
36.2,12.6,1.0
36.2,12.8,1.0
36.2,13.0,1.0
36.2,13.2,1.0
36.2,13.4,1.0
36.2,13.6,1.0
36.2,13.8,1.0
36.2,14.0,1.0
36.2,14.2,1.0
36.2,14.4,1.0
36.2,14.6,1.0
36.2,14.8,1.0
36.2,15.0,1.0
36.2,15.2,1.0
36.2,15.4,1.0
36.2,15.6,1.0
36.2,15.8,1.0
36.2,16.0,1.0
36.2,16.2,1.0
36.2,16.4,1.0
36.2,16.6,1.0
36.2,16.8,1.0
36.2,17.0,1.0
36.2,17.2,1.0
36.2,17.4,1.0
36.2,17.6,1.0
36.2,17.8,1.0
36.2,18.0,1.0
36.2,18.2,1.0
36.2,18.4,1.0
36.2,18.6,1.0
36.4,6.6,1.0
36.4,6.8,1.0
36.4,7.0,1.0
36.4,7.2,1.0
36.4,7.4,1.0
36.4,7.6,1.0
36.4,7.8,1.0
36.4,8.0,1.0
36.4,8.2,1.0
36.4,8.4,1.0
36.4,8.6,1.0
36.4,8.8,1.0
36.4,9.0,1.0
36.4,9.2,1.0
36.4,9.4,1.0
36.4,9.6,1.0
36.4,9.8,1.0
36.4,10.0,1.0
36.4,10.2,1.0
36.4,10.4,1.0
36.4,10.6,1.0
36.4,10.8,1.0
36.4,11.0,1.0
36.4,11.2,1.0
36.4,11.4,1.0
36.4,11.6,1.0
36.4,11.8,1.0
36.4,12.0,1.0
36.4,12.2,1.0
36.4,12.4,1.0
36.4,12.6,1.0
36.4,12.8,1.0
36.4,13.0,1.0
36.4,13.2,1.0
36.4,13.4,1.0
36.4,13.6,1.0
36.4,13.8,1.0
36.4,14.0,1.0
36.4,14.2,1.0
36.4,14.4,1.0
36.4,14.6,1.0
36.4,14.8,1.0
36.4,15.0,1.0
36.4,15.2,1.0
36.4,15.4,1.0
36.4,15.6,1.0
36.4,15.8,1.0
36.4,16.0,1.0
36.4,16.2,1.0
36.4,16.4,1.0
36.4,16.6,1.0
36.4,16.8,1.0
36.4,17.0,1.0
36.4,17.2,1.0
36.4,17.4,1.0
36.4,17.6,1.0
36.4,17.8,1.0
36.4,18.0,1.0
36.4,18.2,1.0
36.4,18.4,1.0
36.4,18.6,1.0
36.6,6.6,1.0
36.6,6.8,1.0
36.6,7.0,1.0
36.6,7.2,1.0
36.6,7.4,1.0
36.6,7.6,1.0
36.6,7.8,1.0
36.6,8.0,1.0
36.6,8.2,1.0
36.6,8.4,1.0
36.6,8.6,1.0
36.6,8.8,1.0
36.6,9.0,1.0
36.6,9.2,1.0
36.6,9.4,1.0
36.6,9.6,1.0
36.6,9.8,1.0
36.6,10.0,1.0
36.6,10.2,1.0
36.6,10.4,1.0
36.6,10.6,1.0
36.6,10.8,1.0
36.6,11.0,1.0
36.6,11.2,1.0
36.6,11.4,1.0
36.6,11.6,1.0
36.6,11.8,1.0
36.6,12.0,1.0
36.6,12.2,1.0
36.6,12.4,1.0
36.6,12.6,1.0
36.6,12.8,1.0
36.6,13.0,1.0
36.6,13.2,1.0
36.6,13.4,1.0
36.6,13.6,1.0
36.6,13.8,1.0
36.6,14.0,1.0
36.6,14.2,1.0
36.6,14.4,1.0213
36.6,14.6,1.1032
36.6,14.8,1.1149
36.6,15.0,1.1313
36.6,15.2,1.0296
36.6,15.4,1.0
36.6,15.6,1.0
36.6,15.8,1.0
36.6,16.0,1.0
36.6,16.2,1.0
36.6,16.4,1.0
36.6,16.6,1.0
36.6,16.8,1.0
36.6,17.0,1.0
36.6,17.2,1.0
36.6,17.4,1.0
36.6,17.6,1.0
36.6,17.8,1.0
36.6,18.0,1.0
36.6,18.2,1.0
36.6,18.4,1.0
36.6,18.6,1.0
36.8,6.6,1.0
36.8,6.8,1.0
36.8,7.0,1.0
36.8,7.2,1.0
36.8,7.4,1.0
36.8,7.6,1.0
36.8,7.8,1.0
36.8,8.0,1.0
36.8,8.2,1.0
36.8,8.4,1.0
36.8,8.6,1.0
36.8,8.8,1.0
36.8,9.0,1.0
36.8,9.2,1.0
36.8,9.4,1.0
36.8,9.6,1.0
36.8,9.8,1.0
36.8,10.0,1.0
36.8,10.2,1.0
36.8,10.4,1.0
36.8,10.6,1.0
36.8,10.8,1.0
36.8,11.0,1.0
36.8,11.2,1.0
36.8,11.4,1.0
36.8,11.6,1.0
36.8,11.8,1.0
36.8,12.0,1.0
36.8,12.2,1.0
36.8,12.4,1.0
36.8,12.6,1.0
36.8,12.8,1.0
36.8,13.0,1.0
36.8,13.2,1.0
36.8,13.4,1.0
36.8,13.6,1.0
36.8,13.8,1.0
36.8,14.0,1.0
36.8,14.2,0.9948
36.8,14.4,1.0956
36.8,14.6,1.144
36.8,14.8,1.1556
36.8,15.0,1.1791
36.8,15.2,1.1535
36.8,15.4,1.0192
36.8,15.6,1.0
36.8,15.8,1.0
36.8,16.0,1.0
36.8,16.2,1.0
36.8,16.4,1.0
36.8,16.6,1.0
36.8,16.8,1.0
36.8,17.0,1.0
36.8,17.2,1.0
36.8,17.4,1.0
36.8,17.6,1.0
36.8,17.8,1.0
36.8,18.0,1.0
36.8,18.2,1.0
36.8,18.4,1.0
36.8,18.6,1.0
37.0,6.6,1.0
37.0,6.8,1.0
37.0,7.0,1.0
37.0,7.2,1.0
37.0,7.4,1.0
37.0,7.6,1.0
37.0,7.8,1.0
37.0,8.0,1.0
37.0,8.2,1.0
37.0,8.4,1.0
37.0,8.6,1.0
37.0,8.8,1.0
37.0,9.0,1.0
37.0,9.2,1.0
37.0,9.4,1.0
37.0,9.6,1.0
37.0,9.8,1.0
37.0,10.0,1.0
37.0,10.2,1.0
37.0,10.4,1.0
37.0,10.6,1.0
37.0,10.8,1.0
37.0,11.0,1.0
37.0,11.2,1.0
37.0,11.4,1.0
37.0,11.6,1.0
37.0,11.8,1.0
37.0,12.0,1.0
37.0,12.2,1.0
37.0,12.4,1.0
37.0,12.6,1.0
37.0,12.8,1.0
37.0,13.0,1.0
37.0,13.2,1.0
37.0,13.4,1.0
37.0,13.6,1.0096
37.0,13.8,1.0414
37.0,14.0,0.9995
37.0,14.2,0.9736
37.0,14.4,0.9762
37.0,14.6,1.1378
37.0,14.8,1.0776
37.0,15.0,1.0184
37.0,15.2,1.1081
37.0,15.4,1.1049
37.0,15.6,1.0005
37.0,15.8,1.0
37.0,16.0,1.0
37.0,16.2,1.0
37.0,16.4,1.0
37.0,16.6,1.0
37.0,16.8,1.0
37.0,17.0,1.0
37.0,17.2,1.0
37.0,17.4,1.0
37.0,17.6,1.0
37.0,17.8,1.0
37.0,18.0,1.0
37.0,18.2,1.0
37.0,18.4,1.0
37.0,18.6,1.0
37.2,6.6,1.0
37.2,6.8,1.0
37.2,7.0,1.0
37.2,7.2,1.0
37.2,7.4,1.0
37.2,7.6,1.0
37.2,7.8,1.0
37.2,8.0,1.0
37.2,8.2,1.0
37.2,8.4,1.0
37.2,8.6,1.0
37.2,8.8,1.0
37.2,9.0,1.0
37.2,9.2,1.0
37.2,9.4,1.0
37.2,9.6,1.0
37.2,9.8,1.0
37.2,10.0,1.0
37.2,10.2,1.0
37.2,10.4,1.0
37.2,10.6,1.0
37.2,10.8,1.0
37.2,11.0,1.0
37.2,11.2,1.0
37.2,11.4,1.0
37.2,11.6,1.0
37.2,11.8,1.0
37.2,12.0,1.0
37.2,12.2,1.0
37.2,12.4,1.0
37.2,12.6,1.0
37.2,12.8,1.0
37.2,13.0,1.0
37.2,13.2,1.0085
37.2,13.4,1.0388
37.2,13.6,1.0544
37.2,13.8,1.0573
37.2,14.0,1.0002
37.2,14.2,1.0021
37.2,14.4,0.9615
37.2,14.6,1.0586
37.2,14.8,1.0416
37.2,15.0,1.0198
37.2,15.2,1.1472
37.2,15.4,1.1432
37.2,15.6,1.0007
37.2,15.8,1.0
37.2,16.0,1.0
37.2,16.2,1.0
37.2,16.4,1.0
37.2,16.6,1.0
37.2,16.8,1.0
37.2,17.0,1.0
37.2,17.2,1.0
37.2,17.4,1.0
37.2,17.6,1.0
37.2,17.8,1.0
37.2,18.0,1.0
37.2,18.2,1.0
37.2,18.4,1.0
37.2,18.6,1.0
37.4,6.6,1.0
37.4,6.8,1.0
37.4,7.0,1.0
37.4,7.2,1.0
37.4,7.4,1.0
37.4,7.6,1.0
37.4,7.8,1.0
37.4,8.0,1.0
37.4,8.2,1.0
37.4,8.4,1.0
37.4,8.6,1.0
37.4,8.8,1.0
37.4,9.0,1.0
37.4,9.2,1.0
37.4,9.4,1.0
37.4,9.6,1.0
37.4,9.8,1.0
37.4,10.0,1.0
37.4,10.2,1.0
37.4,10.4,1.0
37.4,10.6,1.0
37.4,10.8,1.0
37.4,11.0,1.0
37.4,11.2,1.0
37.4,11.4,1.0
37.4,11.6,1.0
37.4,11.8,1.0
37.4,12.0,1.0
37.4,12.2,1.0
37.4,12.4,1.0
37.4,12.6,1.0
37.4,12.8,1.0257
37.4,13.0,1.1206
37.4,13.2,1.0881
37.4,13.4,1.0579
37.4,13.6,1.05
37.4,13.8,1.0484
37.4,14.0,1.043
37.4,14.2,1.0608
37.4,14.4,1.1994
37.4,14.6,1.169
37.4,14.8,1.3089
37.4,15.0,1.1025
37.4,15.2,1.0915
37.4,15.4,1.0247
37.4,15.6,1.0
37.4,15.8,1.0
37.4,16.0,1.0
37.4,16.2,1.0
37.4,16.4,1.0
37.4,16.6,1.0
37.4,16.8,1.0
37.4,17.0,1.0
37.4,17.2,1.0
37.4,17.4,1.0
37.4,17.6,1.0
37.4,17.8,1.0
37.4,18.0,1.0
37.4,18.2,1.0
37.4,18.4,1.0
37.4,18.6,1.0
37.6,6.6,1.0
37.6,6.8,1.0
37.6,7.0,1.0
37.6,7.2,1.0
37.6,7.4,1.0
37.6,7.6,1.0
37.6,7.8,1.0
37.6,8.0,1.0
37.6,8.2,1.0
37.6,8.4,1.0
37.6,8.6,1.0
37.6,8.8,1.0
37.6,9.0,1.0
37.6,9.2,1.0
37.6,9.4,1.0
37.6,9.6,1.0
37.6,9.8,1.0
37.6,10.0,1.0
37.6,10.2,1.0
37.6,10.4,1.0
37.6,10.6,1.0
37.6,10.8,1.0
37.6,11.0,1.0
37.6,11.2,1.0
37.6,11.4,1.0
37.6,11.6,1.0
37.6,11.8,1.0
37.6,12.0,1.0
37.6,12.2,1.0
37.6,12.4,1.0143
37.6,12.6,1.0663
37.6,12.8,1.1411
37.6,13.0,1.1669
37.6,13.2,1.2193
37.6,13.4,1.208
37.6,13.6,1.1959
37.6,13.8,1.1957
37.6,14.0,1.1876
37.6,14.2,1.222
37.6,14.4,1.3789
37.6,14.6,1.247
37.6,14.8,1.4165
37.6,15.0,1.379
37.6,15.2,1.313
37.6,15.4,1.0345
37.6,15.6,1.0
37.6,15.8,1.0
37.6,16.0,1.0
37.6,16.2,1.0
37.6,16.4,1.0
37.6,16.6,1.0
37.6,16.8,1.0
37.6,17.0,1.0
37.6,17.2,1.0
37.6,17.4,1.0
37.6,17.6,1.0
37.6,17.8,1.0
37.6,18.0,1.0
37.6,18.2,1.0
37.6,18.4,1.0
37.6,18.6,1.0
37.8,6.6,1.0
37.8,6.8,1.0
37.8,7.0,1.0
37.8,7.2,1.0
37.8,7.4,1.0
37.8,7.6,1.0
37.8,7.8,1.0
37.8,8.0,1.0
37.8,8.2,1.0
37.8,8.4,1.0
37.8,8.6,1.0
37.8,8.8,1.0
37.8,9.0,1.0
37.8,9.2,1.0
37.8,9.4,1.0
37.8,9.6,1.0
37.8,9.8,1.0
37.8,10.0,1.0
37.8,10.2,1.0
37.8,10.4,1.0
37.8,10.6,1.0
37.8,10.8,1.0
37.8,11.0,1.0
37.8,11.2,1.0
37.8,11.4,1.0
37.8,11.6,1.0
37.8,11.8,1.0
37.8,12.0,1.0
37.8,12.2,1.0005
37.8,12.4,1.0811
37.8,12.6,1.0919
37.8,12.8,1.1153
37.8,13.0,1.0894
37.8,13.2,1.0485
37.8,13.4,1.0951
37.8,13.6,1.0321
37.8,13.8,1.0782
37.8,14.0,1.0733
37.8,14.2,1.0727
37.8,14.4,1.1326
37.8,14.6,1.0839
37.8,14.8,1.2099
37.8,15.0,1.0877
37.8,15.2,1.1828
37.8,15.4,1.1848
37.8,15.6,1.0535
37.8,15.8,1.0959
37.8,16.0,1.012
37.8,16.2,1.0009
37.8,16.4,1.0
37.8,16.6,1.0
37.8,16.8,1.0
37.8,17.0,1.0
37.8,17.2,1.0
37.8,17.4,1.0
37.8,17.6,1.0
37.8,17.8,1.0
37.8,18.0,1.0
37.8,18.2,1.0
37.8,18.4,1.0
37.8,18.6,1.0
38.0,6.6,1.0
38.0,6.8,1.0
38.0,7.0,1.0
38.0,7.2,1.0
38.0,7.4,1.0
38.0,7.6,1.0
38.0,7.8,1.0
38.0,8.0,1.0
38.0,8.2,1.0
38.0,8.4,1.0
38.0,8.6,1.0
38.0,8.8,1.0
38.0,9.0,1.0
38.0,9.2,1.0
38.0,9.4,1.0
38.0,9.6,1.0
38.0,9.8,1.0
38.0,10.0,1.0
38.0,10.2,1.0
38.0,10.4,1.0
38.0,10.6,1.0
38.0,10.8,1.0
38.0,11.0,1.0
38.0,11.2,1.0
38.0,11.4,1.0
38.0,11.6,1.0
38.0,11.8,1.0
38.0,12.0,1.0
38.0,12.2,1.0004
38.0,12.4,1.0602
38.0,12.6,1.0653
38.0,12.8,1.0534
38.0,13.0,1.0458
38.0,13.2,1.0151
38.0,13.4,1.0833
38.0,13.6,0.9927
38.0,13.8,1.0334
38.0,14.0,1.0705
38.0,14.2,1.0312
38.0,14.4,1.0624
38.0,14.6,1.0691
38.0,14.8,1.087
38.0,15.0,1.0379
38.0,15.2,1.0614
38.0,15.4,1.2124
38.0,15.6,1.1618
38.0,15.8,1.1309
38.0,16.0,1.0166
38.0,16.2,1.0191
38.0,16.4,1.0137
38.0,16.6,1.0
38.0,16.8,1.0
38.0,17.0,1.0
38.0,17.2,1.0
38.0,17.4,1.0
38.0,17.6,1.0
38.0,17.8,1.0
38.0,18.0,1.0
38.0,18.2,1.0
38.0,18.4,1.0
38.0,18.6,1.0
38.2,6.6,1.0
38.2,6.8,1.0
38.2,7.0,1.0
38.2,7.2,1.0
38.2,7.4,1.0
38.2,7.6,1.0
38.2,7.8,1.0
38.2,8.0,1.0
38.2,8.2,1.0
38.2,8.4,1.0
38.2,8.6,1.0
38.2,8.8,1.0
38.2,9.0,1.0
38.2,9.2,1.0
38.2,9.4,1.0
38.2,9.6,1.0
38.2,9.8,1.0
38.2,10.0,1.0
38.2,10.2,1.0
38.2,10.4,1.0
38.2,10.6,1.0
38.2,10.8,1.0
38.2,11.0,1.0
38.2,11.2,1.0
38.2,11.4,1.0
38.2,11.6,1.0
38.2,11.8,1.0
38.2,12.0,1.0
38.2,12.2,1.0
38.2,12.4,1.0111
38.2,12.6,1.0463
38.2,12.8,1.038
38.2,13.0,1.0327
38.2,13.2,1.0106
38.2,13.4,1.0607
38.2,13.6,0.9941
38.2,13.8,1.0085
38.2,14.0,1.0504
38.2,14.2,1.0222
38.2,14.4,1.0446
38.2,14.6,1.0504
38.2,14.8,1.0615
38.2,15.0,1.0272
38.2,15.2,1.1526
38.2,15.4,1.1842
38.2,15.6,1.0516
38.2,15.8,1.0205
38.2,16.0,1.0305
38.2,16.2,1.0747
38.2,16.4,1.0662
38.2,16.6,1.0076
38.2,16.8,1.0
38.2,17.0,1.0
38.2,17.2,1.0
38.2,17.4,1.0
38.2,17.6,1.0
38.2,17.8,1.0
38.2,18.0,1.0
38.2,18.2,1.0
38.2,18.4,1.0
38.2,18.6,1.0
38.4,6.6,1.0
38.4,6.8,1.0
38.4,7.0,1.0
38.4,7.2,1.0
38.4,7.4,1.0
38.4,7.6,1.0
38.4,7.8,1.0
38.4,8.0,1.0
38.4,8.2,1.0
38.4,8.4,1.0
38.4,8.6,1.0
38.4,8.8,1.0
38.4,9.0,1.0
38.4,9.2,1.0
38.4,9.4,1.0
38.4,9.6,1.0
38.4,9.8,1.0
38.4,10.0,1.0
38.4,10.2,1.0
38.4,10.4,1.0
38.4,10.6,1.0
38.4,10.8,1.0
38.4,11.0,1.0
38.4,11.2,1.0
38.4,11.4,1.0
38.4,11.6,1.0
38.4,11.8,1.0
38.4,12.0,1.0
38.4,12.2,1.0
38.4,12.4,1.0
38.4,12.6,1.0
38.4,12.8,1.0
38.4,13.0,1.0
38.4,13.2,1.0
38.4,13.4,1.0
38.4,13.6,1.0
38.4,13.8,1.0
38.4,14.0,1.0
38.4,14.2,1.0
38.4,14.4,1.0
38.4,14.6,1.0
38.4,14.8,1.0
38.4,15.0,1.0
38.4,15.2,1.0339
38.4,15.4,1.131
38.4,15.6,1.0372
38.4,15.8,1.1246
38.4,16.0,1.1539
38.4,16.2,1.0485
38.4,16.4,1.0427
38.4,16.6,1.0392
38.4,16.8,1.0003
38.4,17.0,1.0
38.4,17.2,1.0
38.4,17.4,1.0
38.4,17.6,1.0
38.4,17.8,1.0
38.4,18.0,1.0
38.4,18.2,1.0
38.4,18.4,1.0
38.4,18.6,1.0
38.6,6.6,1.0
38.6,6.8,1.0
38.6,7.0,1.0
38.6,7.2,1.0
38.6,7.4,1.0
38.6,7.6,1.0
38.6,7.8,1.0
38.6,8.0,1.0
38.6,8.2,1.0
38.6,8.4,1.0
38.6,8.6,1.0
38.6,8.8,1.0
38.6,9.0,1.0
38.6,9.2,1.0
38.6,9.4,1.0
38.6,9.6,1.0
38.6,9.8,1.0
38.6,10.0,1.0
38.6,10.2,1.0
38.6,10.4,1.0
38.6,10.6,1.0
38.6,10.8,1.0
38.6,11.0,1.0
38.6,11.2,1.0
38.6,11.4,1.0
38.6,11.6,1.0
38.6,11.8,1.0
38.6,12.0,1.0
38.6,12.2,1.0
38.6,12.4,1.0
38.6,12.6,1.0
38.6,12.8,1.0
38.6,13.0,1.0
38.6,13.2,1.0
38.6,13.4,1.0
38.6,13.6,1.0
38.6,13.8,1.0
38.6,14.0,1.0
38.6,14.2,1.0
38.6,14.4,1.0
38.6,14.6,1.0
38.6,14.8,1.0
38.6,15.0,1.0
38.6,15.2,1.0
38.6,15.4,1.0
38.6,15.6,1.0004
38.6,15.8,1.0517
38.6,16.0,1.0561
38.6,16.2,1.0546
38.6,16.4,1.1018
38.6,16.6,1.0972
38.6,16.8,1.0008
38.6,17.0,1.0
38.6,17.2,1.0
38.6,17.4,1.0
38.6,17.6,1.0
38.6,17.8,1.0
38.6,18.0,1.0
38.6,18.2,1.0
38.6,18.4,1.0
38.6,18.6,1.0
38.8,6.6,1.0
38.8,6.8,1.0
38.8,7.0,1.0
38.8,7.2,1.0
38.8,7.4,1.0
38.8,7.6,1.0
38.8,7.8,1.0
38.8,8.0,1.0
38.8,8.2,1.0
38.8,8.4,0.9999
38.8,8.6,1.0013
38.8,8.8,1.019
38.8,9.0,1.005
38.8,9.2,1.0
38.8,9.4,1.0
38.8,9.6,1.0
38.8,9.8,1.0
38.8,10.0,1.0
38.8,10.2,1.0
38.8,10.4,1.0
38.8,10.6,1.0
38.8,10.8,1.0
38.8,11.0,1.0
38.8,11.2,1.0
38.8,11.4,1.0
38.8,11.6,1.0
38.8,11.8,1.0
38.8,12.0,1.0
38.8,12.2,1.0
38.8,12.4,1.0
38.8,12.6,1.0
38.8,12.8,1.0
38.8,13.0,1.0
38.8,13.2,1.0
38.8,13.4,1.0
38.8,13.6,1.0
38.8,13.8,1.0
38.8,14.0,1.0
38.8,14.2,1.0
38.8,14.4,1.0
38.8,14.6,1.0
38.8,14.8,1.0
38.8,15.0,1.0
38.8,15.2,1.0
38.8,15.4,1.0
38.8,15.6,1.0
38.8,15.8,1.0098
38.8,16.0,1.0427
38.8,16.2,1.0413
38.8,16.4,1.0145
38.8,16.6,0.9989
38.8,16.8,1.0064
38.8,17.0,1.1056
38.8,17.2,1.0291
38.8,17.4,1.0
38.8,17.6,1.0
38.8,17.8,1.0
38.8,18.0,1.0
38.8,18.2,1.0
38.8,18.4,1.0
38.8,18.6,1.0
39.0,6.6,1.0
39.0,6.8,1.0
39.0,7.0,1.0
39.0,7.2,1.0
39.0,7.4,1.0
39.0,7.6,1.0
39.0,7.8,1.0
39.0,8.0,1.0
39.0,8.2,0.9964
39.0,8.4,0.9965
39.0,8.6,1.0026
39.0,8.8,1.0262
39.0,9.0,1.0261
39.0,9.2,0.9967
39.0,9.4,0.9862
39.0,9.6,0.9966
39.0,9.8,1.0
39.0,10.0,1.0
39.0,10.2,1.0
39.0,10.4,1.0
39.0,10.6,1.0
39.0,10.8,1.0
39.0,11.0,1.0
39.0,11.2,1.0
39.0,11.4,1.0
39.0,11.6,1.0
39.0,11.8,1.0
39.0,12.0,1.0
39.0,12.2,1.0
39.0,12.4,1.0
39.0,12.6,1.0
39.0,12.8,1.0
39.0,13.0,1.0
39.0,13.2,1.0
39.0,13.4,1.0
39.0,13.6,1.0
39.0,13.8,1.0
39.0,14.0,1.0
39.0,14.2,1.0
39.0,14.4,1.0
39.0,14.6,1.0
39.0,14.8,1.0
39.0,15.0,1.0
39.0,15.2,1.0
39.0,15.4,1.0
39.0,15.6,1.0
39.0,15.8,0.9998
39.0,16.0,0.9799
39.0,16.2,0.9767
39.0,16.4,0.9624
39.0,16.6,0.9503
39.0,16.8,1.0096
39.0,17.0,1.1455
39.0,17.2,1.1449
39.0,17.4,1.0012
39.0,17.6,1.0
39.0,17.8,1.0
39.0,18.0,1.0
39.0,18.2,1.0
39.0,18.4,1.0
39.0,18.6,1.0
39.2,6.6,1.0
39.2,6.8,1.0
39.2,7.0,1.0
39.2,7.2,1.0
39.2,7.4,1.0
39.2,7.6,1.0
39.2,7.8,1.0
39.2,8.0,0.9998
39.2,8.2,0.9811
39.2,8.4,0.9844
39.2,8.6,1.0302
39.2,8.8,1.0127
39.2,9.0,1.0116
39.2,9.2,0.9688
39.2,9.4,0.9772
39.2,9.6,0.9632
39.2,9.8,0.98
39.2,10.0,1.0
39.2,10.2,1.0
39.2,10.4,1.0
39.2,10.6,1.0
39.2,10.8,1.0
39.2,11.0,1.0
39.2,11.2,1.0
39.2,11.4,1.0
39.2,11.6,1.0
39.2,11.8,1.0
39.2,12.0,1.0
39.2,12.2,1.0
39.2,12.4,1.0
39.2,12.6,1.0
39.2,12.8,1.0
39.2,13.0,1.0
39.2,13.2,1.0
39.2,13.4,1.0
39.2,13.6,1.0
39.2,13.8,1.0
39.2,14.0,1.0
39.2,14.2,1.0
39.2,14.4,1.0
39.2,14.6,1.0
39.2,14.8,1.0
39.2,15.0,1.0
39.2,15.2,1.0
39.2,15.4,1.0
39.2,15.6,1.0
39.2,15.8,0.9836
39.2,16.0,0.9866
39.2,16.2,0.9999
39.2,16.4,0.9645
39.2,16.6,1.0259
39.2,16.8,1.0139
39.2,17.0,1.0281
39.2,17.2,1.0272
39.2,17.4,1.0002
39.2,17.6,1.0
39.2,17.8,1.0
39.2,18.0,1.0
39.2,18.2,1.0
39.2,18.4,1.0
39.2,18.6,1.0
39.4,6.6,1.0
39.4,6.8,1.0
39.4,7.0,1.0
39.4,7.2,1.0
39.4,7.4,1.0
39.4,7.6,1.0
39.4,7.8,1.0
39.4,8.0,0.9999
39.4,8.2,0.986
39.4,8.4,0.9855
39.4,8.6,0.9924
39.4,8.8,0.9911
39.4,9.0,1.0185
39.4,9.2,0.9223
39.4,9.4,0.8681
39.4,9.6,0.8877
39.4,9.8,0.8995
39.4,10.0,0.9991
39.4,10.2,1.0
39.4,10.4,1.0
39.4,10.6,1.0
39.4,10.8,1.0
39.4,11.0,1.0
39.4,11.2,1.0
39.4,11.4,1.0
39.4,11.6,1.0
39.4,11.8,1.0
39.4,12.0,1.0
39.4,12.2,1.0
39.4,12.4,1.0
39.4,12.6,1.0
39.4,12.8,1.0
39.4,13.0,1.0
39.4,13.2,1.0
39.4,13.4,1.0
39.4,13.6,1.0
39.4,13.8,1.0
39.4,14.0,1.0
39.4,14.2,1.0
39.4,14.4,1.0
39.4,14.6,1.0
39.4,14.8,1.0
39.4,15.0,1.0
39.4,15.2,1.0
39.4,15.4,1.0
39.4,15.6,0.9992
39.4,15.8,0.9129
39.4,16.0,0.9251
39.4,16.2,1.1114
39.4,16.4,1.0975
39.4,16.6,1.1708
39.4,16.8,1.1381
39.4,17.0,1.0443
39.4,17.2,1.0319
39.4,17.4,1.0003
39.4,17.6,1.0
39.4,17.8,1.0
39.4,18.0,1.0
39.4,18.2,1.0
39.4,18.4,1.0
39.4,18.6,1.0
39.6,6.6,1.0
39.6,6.8,1.0
39.6,7.0,1.0
39.6,7.2,1.0
39.6,7.4,1.0
39.6,7.6,1.0
39.6,7.8,1.0
39.6,8.0,1.0
39.6,8.2,0.9974
39.6,8.4,0.9996
39.6,8.6,1.0013
39.6,8.8,0.993
39.6,9.0,1.0548
39.6,9.2,1.1277
39.6,9.4,1.0637
39.6,9.6,1.0577
39.6,9.8,1.053
39.6,10.0,1.0005
39.6,10.2,1.0
39.6,10.4,1.0
39.6,10.6,1.0
39.6,10.8,1.0
39.6,11.0,1.0
39.6,11.2,1.0
39.6,11.4,1.0
39.6,11.6,1.0
39.6,11.8,1.0
39.6,12.0,1.0
39.6,12.2,1.0
39.6,12.4,1.0
39.6,12.6,1.0
39.6,12.8,1.0
39.6,13.0,1.0
39.6,13.2,1.0
39.6,13.4,1.0
39.6,13.6,1.0
39.6,13.8,1.0
39.6,14.0,1.0
39.6,14.2,1.0
39.6,14.4,1.0
39.6,14.6,1.0
39.6,14.8,1.0
39.6,15.0,1.0
39.6,15.2,1.0
39.6,15.4,1.0
39.6,15.6,1.006
39.6,15.8,1.0056
39.6,16.0,1.0064
39.6,16.2,1.0461
39.6,16.4,0.8329
39.6,16.6,0.8712
39.6,16.8,0.9325
39.6,17.0,1.0312
39.6,17.2,1.006
39.6,17.4,1.0
39.6,17.6,1.0
39.6,17.8,1.0
39.6,18.0,1.0
39.6,18.2,1.0
39.6,18.4,1.0
39.6,18.6,1.0
39.8,6.6,1.0
39.8,6.8,1.0
39.8,7.0,1.0
39.8,7.2,1.0
39.8,7.4,1.0
39.8,7.6,1.0
39.8,7.8,1.0
39.8,8.0,1.0
39.8,8.2,1.0046
39.8,8.4,1.018
39.8,8.6,1.0357
39.8,8.8,1.0477
39.8,9.0,1.0726
39.8,9.2,1.0745
39.8,9.4,1.0498
39.8,9.6,0.9857
39.8,9.8,0.9807
39.8,10.0,0.9998
39.8,10.2,1.0
39.8,10.4,1.0
39.8,10.6,1.0
39.8,10.8,1.0
39.8,11.0,1.0
39.8,11.2,1.0
39.8,11.4,1.0
39.8,11.6,1.0
39.8,11.8,1.0
39.8,12.0,1.0
39.8,12.2,1.0
39.8,12.4,1.0
39.8,12.6,1.0
39.8,12.8,1.0
39.8,13.0,1.0
39.8,13.2,1.0
39.8,13.4,1.0
39.8,13.6,1.0
39.8,13.8,1.0
39.8,14.0,1.0
39.8,14.2,1.0
39.8,14.4,1.0
39.8,14.6,1.0
39.8,14.8,1.0
39.8,15.0,1.0
39.8,15.2,1.0002
39.8,15.4,1.0009
39.8,15.6,1.0309
39.8,15.8,1.0332
39.8,16.0,1.0317
39.8,16.2,1.1321
39.8,16.4,1.2734
39.8,16.6,1.1625
39.8,16.8,0.971
39.8,17.0,1.0
39.8,17.2,1.0
39.8,17.4,1.0
39.8,17.6,1.0
39.8,17.8,1.0
39.8,18.0,1.0
39.8,18.2,0.9983
39.8,18.4,0.9932
39.8,18.6,0.9981
40.0,6.6,1.0
40.0,6.8,1.0
40.0,7.0,1.0
40.0,7.2,1.0
40.0,7.4,1.0
40.0,7.6,1.0
40.0,7.8,1.0
40.0,8.0,1.0003
40.0,8.2,1.023
40.0,8.4,1.0264
40.0,8.6,1.0375
40.0,8.8,1.0363
40.0,9.0,1.0443
40.0,9.2,1.0021
40.0,9.4,1.0666
40.0,9.6,0.9858
40.0,9.8,0.978
40.0,10.0,0.9998
40.0,10.2,1.0
40.0,10.4,1.0
40.0,10.6,1.0
40.0,10.8,1.0
40.0,11.0,1.0
40.0,11.2,1.0
40.0,11.4,1.0
40.0,11.6,1.0
40.0,11.8,1.0
40.0,12.0,1.0
40.0,12.2,1.0
40.0,12.4,1.0
40.0,12.6,1.0
40.0,12.8,1.0
40.0,13.0,1.0
40.0,13.2,1.0
40.0,13.4,1.0
40.0,13.6,1.0
40.0,13.8,1.0
40.0,14.0,1.0
40.0,14.2,1.0
40.0,14.4,1.0
40.0,14.6,1.0
40.0,14.8,1.0
40.0,15.0,0.9985
40.0,15.2,0.9994
40.0,15.4,1.0009
40.0,15.6,1.0004
40.0,15.8,1.0099
40.0,16.0,1.03
40.0,16.2,1.0587
40.0,16.4,1.1432
40.0,16.6,0.9481
40.0,16.8,0.9314
40.0,17.0,0.9992
40.0,17.2,1.0
40.0,17.4,1.0
40.0,17.6,1.0
40.0,17.8,1.0037
40.0,18.0,1.0153
40.0,18.2,0.997
40.0,18.4,0.9902
40.0,18.6,0.9909
40.2,6.6,1.0
40.2,6.8,1.0
40.2,7.0,1.0
40.2,7.2,1.0
40.2,7.4,1.0
40.2,7.6,1.0
40.2,7.8,1.0
40.2,8.0,1.0
40.2,8.2,1.0049
40.2,8.4,1.0325
40.2,8.6,1.0297
40.2,8.8,0.9776
40.2,9.0,1.078
40.2,9.2,1.0896
40.2,9.4,1.1129
40.2,9.6,1.0659
40.2,9.8,1.0556
40.2,10.0,1.0007
40.2,10.2,1.0
40.2,10.4,1.0
40.2,10.6,1.0
40.2,10.8,1.0
40.2,11.0,1.0
40.2,11.2,1.0
40.2,11.4,1.0
40.2,11.6,1.0
40.2,11.8,1.0
40.2,12.0,1.0
40.2,12.2,1.0
40.2,12.4,1.0
40.2,12.6,1.0
40.2,12.8,1.0
40.2,13.0,1.0
40.2,13.2,1.0
40.2,13.4,1.0
40.2,13.6,1.0
40.2,13.8,1.0
40.2,14.0,1.0
40.2,14.2,1.0
40.2,14.4,1.0
40.2,14.6,1.0
40.2,14.8,0.9999
40.2,15.0,0.9943
40.2,15.2,0.9943
40.2,15.4,0.9954
40.2,15.6,0.9708
40.2,15.8,0.9951
40.2,16.0,1.0625
40.2,16.2,1.129
40.2,16.4,1.1315
40.2,16.6,1.0229
40.2,16.8,1.01
40.2,17.0,1.0001
40.2,17.2,1.0
40.2,17.4,1.0
40.2,17.6,1.0062
40.2,17.8,1.0225
40.2,18.0,1.0223
40.2,18.2,1.022
40.2,18.4,0.9875
40.2,18.6,0.9849
40.4,6.6,1.0
40.4,6.8,1.0
40.4,7.0,1.0
40.4,7.2,1.0
40.4,7.4,1.0
40.4,7.6,1.0
40.4,7.8,1.0
40.4,8.0,1.0
40.4,8.2,0.97
40.4,8.4,1.0798
40.4,8.6,1.1265
40.4,8.8,1.0378
40.4,9.0,1.0034
40.4,9.2,0.9712
40.4,9.4,0.9877
40.4,9.6,0.9602
40.4,9.8,0.9602
40.4,10.0,0.9995
40.4,10.2,1.0
40.4,10.4,1.0
40.4,10.6,1.0
40.4,10.8,1.0
40.4,11.0,1.0
40.4,11.2,1.0
40.4,11.4,1.0
40.4,11.6,1.0
40.4,11.8,1.0
40.4,12.0,1.0
40.4,12.2,1.0
40.4,12.4,1.0
40.4,12.6,1.0
40.4,12.8,1.0
40.4,13.0,1.0
40.4,13.2,1.0
40.4,13.4,1.0
40.4,13.6,1.0
40.4,13.8,1.0
40.4,14.0,1.0
40.4,14.2,1.0
40.4,14.4,1.0
40.4,14.6,1.0
40.4,14.8,1.0216
40.4,15.0,1.0912
40.4,15.2,1.1084
40.4,15.4,1.2303
40.4,15.6,1.1573
40.4,15.8,1.035
40.4,16.0,1.0754
40.4,16.2,1.0931
40.4,16.4,1.0874
40.4,16.6,0.9899
40.4,16.8,1.0109
40.4,17.0,1.1092
40.4,17.2,1.1076
40.4,17.4,1.0765
40.4,17.6,1.0427
40.4,17.8,1.0366
40.4,18.0,1.0542
40.4,18.2,1.0322
40.4,18.4,1.0203
40.4,18.6,0.9974
40.6,6.6,1.0
40.6,6.8,1.0
40.6,7.0,1.0
40.6,7.2,1.0
40.6,7.4,1.0
40.6,7.6,1.0
40.6,7.8,1.0
40.6,8.0,1.0137
40.6,8.2,0.8853
40.6,8.4,0.8531
40.6,8.6,1.0002
40.6,8.8,1.0223
40.6,9.0,1.08
40.6,9.2,1.0522
40.6,9.4,1.0675
40.6,9.6,0.9743
40.6,9.8,0.9661
40.6,10.0,0.9995
40.6,10.2,1.0
40.6,10.4,1.0
40.6,10.6,1.0
40.6,10.8,1.0
40.6,11.0,1.0
40.6,11.2,1.0
40.6,11.4,1.0
40.6,11.6,1.0
40.6,11.8,1.0
40.6,12.0,1.0
40.6,12.2,1.0
40.6,12.4,1.0
40.6,12.6,1.0
40.6,12.8,1.0
40.6,13.0,1.0
40.6,13.2,1.0
40.6,13.4,1.0
40.6,13.6,1.0
40.6,13.8,1.0
40.6,14.0,1.0
40.6,14.2,1.0035
40.6,14.4,1.0189
40.6,14.6,1.064
40.6,14.8,1.0897
40.6,15.0,1.0946
40.6,15.2,0.9387
40.6,15.4,0.9192
40.6,15.6,0.8674
40.6,15.8,0.8974
40.6,16.0,0.9815
40.6,16.2,1.0119
40.6,16.4,1.0432
40.6,16.6,1.0262
40.6,16.8,1.1445
40.6,17.0,1.1475
40.6,17.2,1.1447
40.6,17.4,1.1036
40.6,17.6,1.0942
40.6,17.8,1.0777
40.6,18.0,1.0402
40.6,18.2,1.023
40.6,18.4,1.0053
40.6,18.6,1.0
40.8,6.6,1.0
40.8,6.8,1.0
40.8,7.0,1.0
40.8,7.2,1.0
40.8,7.4,1.0
40.8,7.6,1.0
40.8,7.8,1.001
40.8,8.0,1.0747
40.8,8.2,1.0674
40.8,8.4,0.9662
40.8,8.6,1.0805
40.8,8.8,1.0275
40.8,9.0,1.0631
40.8,9.2,1.0386
40.8,9.4,1.096
40.8,9.6,0.9946
40.8,9.8,0.9831
40.8,10.0,0.9998
40.8,10.2,1.0
40.8,10.4,1.0
40.8,10.6,1.0
40.8,10.8,1.0
40.8,11.0,1.0
40.8,11.2,1.0
40.8,11.4,1.0
40.8,11.6,1.0
40.8,11.8,1.0
40.8,12.0,1.0
40.8,12.2,1.0
40.8,12.4,1.0
40.8,12.6,1.0
40.8,12.8,1.0
40.8,13.0,1.0
40.8,13.2,1.0
40.8,13.4,1.0
40.8,13.6,1.0
40.8,13.8,1.0046
40.8,14.0,1.016
40.8,14.2,1.0148
40.8,14.4,1.0259
40.8,14.6,1.0857
40.8,14.8,1.0218
40.8,15.0,1.0463
40.8,15.2,1.1011
40.8,15.4,1.1146
40.8,15.6,1.0379
40.8,15.8,1.0012
40.8,16.0,1.0011
40.8,16.2,1.0724
40.8,16.4,1.0859
40.8,16.6,1.0648
40.8,16.8,1.0687
40.8,17.0,1.0473
40.8,17.2,1.0497
40.8,17.4,1.0534
40.8,17.6,1.0566
40.8,17.8,1.0174
40.8,18.0,1.0
40.8,18.2,1.0
40.8,18.4,1.0
40.8,18.6,1.0
41.0,6.6,1.0
41.0,6.8,1.0
41.0,7.0,1.0
41.0,7.2,1.0
41.0,7.4,1.0
41.0,7.6,1.0
41.0,7.8,1.0
41.0,8.0,1.0154
41.0,8.2,1.0485
41.0,8.4,0.977
41.0,8.6,1.0601
41.0,8.8,1.0334
41.0,9.0,1.0383
41.0,9.2,1.0475
41.0,9.4,1.1295
41.0,9.6,1.1062
41.0,9.8,0.9981
41.0,10.0,1.0
41.0,10.2,1.0
41.0,10.4,1.0
41.0,10.6,1.0
41.0,10.8,1.0
41.0,11.0,1.0
41.0,11.2,1.0
41.0,11.4,1.0
41.0,11.6,1.0
41.0,11.8,1.0
41.0,12.0,1.0
41.0,12.2,1.0
41.0,12.4,1.0
41.0,12.6,1.0
41.0,12.8,1.0
41.0,13.0,1.0
41.0,13.2,1.0
41.0,13.4,1.0
41.0,13.6,1.002
41.0,13.8,1.02
41.0,14.0,1.0217
41.0,14.2,1.0033
41.0,14.4,0.9935
41.0,14.6,1.0192
41.0,14.8,1.0206
41.0,15.0,1.0351
41.0,15.2,1.101
41.0,15.4,1.0851
41.0,15.6,1.0035
41.0,15.8,1.0263
41.0,16.0,1.0292
41.0,16.2,1.0368
41.0,16.4,1.046
41.0,16.6,1.0239
41.0,16.8,1.0022
41.0,17.0,1.0242
41.0,17.2,1.029
41.0,17.4,1.0372
41.0,17.6,1.0097
41.0,17.8,1.0
41.0,18.0,1.0
41.0,18.2,1.0
41.0,18.4,1.0
41.0,18.6,1.0
41.2,6.6,1.0
41.2,6.8,1.0
41.2,7.0,1.0
41.2,7.2,1.0
41.2,7.4,1.0
41.2,7.6,1.0
41.2,7.8,1.0
41.2,8.0,1.0
41.2,8.2,1.0
41.2,8.4,1.0
41.2,8.6,1.0
41.2,8.8,1.0072
41.2,9.0,1.0269
41.2,9.2,1.035
41.2,9.4,1.0931
41.2,9.6,1.0271
41.2,9.8,1.0
41.2,10.0,1.0
41.2,10.2,1.0
41.2,10.4,1.0
41.2,10.6,1.0
41.2,10.8,1.0
41.2,11.0,1.0
41.2,11.2,1.0
41.2,11.4,1.0
41.2,11.6,1.0
41.2,11.8,1.0
41.2,12.0,1.0
41.2,12.2,1.0
41.2,12.4,1.0
41.2,12.6,1.0
41.2,12.8,0.9921
41.2,13.0,0.9688
41.2,13.2,0.956
41.2,13.4,0.989
41.2,13.6,1.0131
41.2,13.8,1.0078
41.2,14.0,0.9923
41.2,14.2,0.9821
41.2,14.4,1.0804
41.2,14.6,0.9265
41.2,14.8,1.0299
41.2,15.0,1.0397
41.2,15.2,1.1066
41.2,15.4,1.1195
41.2,15.6,1.0344
41.2,15.8,1.0643
41.2,16.0,1.0847
41.2,16.2,1.0881
41.2,16.4,1.0863
41.2,16.6,1.0749
41.2,16.8,1.0567
41.2,17.0,1.0172
41.2,17.2,1.005
41.2,17.4,1.0
41.2,17.6,1.0
41.2,17.8,1.0
41.2,18.0,1.0
41.2,18.2,1.0
41.2,18.4,1.0
41.2,18.6,1.0
41.4,6.6,1.0
41.4,6.8,1.0
41.4,7.0,1.0
41.4,7.2,1.0
41.4,7.4,1.0
41.4,7.6,1.0
41.4,7.8,1.0
41.4,8.0,1.0
41.4,8.2,1.0
41.4,8.4,1.0
41.4,8.6,1.0
41.4,8.8,1.0
41.4,9.0,1.0
41.4,9.2,1.0
41.4,9.4,1.0
41.4,9.6,1.0
41.4,9.8,1.0
41.4,10.0,1.0
41.4,10.2,1.0
41.4,10.4,1.0
41.4,10.6,1.0
41.4,10.8,1.0
41.4,11.0,1.0
41.4,11.2,1.0
41.4,11.4,1.0
41.4,11.6,1.0
41.4,11.8,1.0
41.4,12.0,1.0
41.4,12.2,1.0
41.4,12.4,1.0201
41.4,12.6,1.0757
41.4,12.8,0.9943
41.4,13.0,0.9608
41.4,13.2,0.9436
41.4,13.4,0.9872
41.4,13.6,1.0336
41.4,13.8,1.0172
41.4,14.0,1.0166
41.4,14.2,1.0923
41.4,14.4,1.1509
41.4,14.6,1.0192
41.4,14.8,1.0371
41.4,15.0,1.0847
41.4,15.2,1.1311
41.4,15.4,1.1147
41.4,15.6,1.015
41.4,15.8,0.981
41.4,16.0,0.9973
41.4,16.2,1.065
41.4,16.4,1.0638
41.4,16.6,1.0543
41.4,16.8,1.0141
41.4,17.0,1.0
41.4,17.2,1.0
41.4,17.4,1.0
41.4,17.6,1.0
41.4,17.8,1.0
41.4,18.0,1.0
41.4,18.2,1.0
41.4,18.4,1.0
41.4,18.6,1.0
41.6,6.6,1.0
41.6,6.8,1.0
41.6,7.0,1.0
41.6,7.2,1.0
41.6,7.4,1.0
41.6,7.6,1.0
41.6,7.8,1.0
41.6,8.0,1.0
41.6,8.2,1.0
41.6,8.4,1.0
41.6,8.6,1.0
41.6,8.8,1.0
41.6,9.0,1.0
41.6,9.2,1.0
41.6,9.4,1.0
41.6,9.6,1.0
41.6,9.8,1.0
41.6,10.0,1.0
41.6,10.2,1.0
41.6,10.4,1.0
41.6,10.6,1.0
41.6,10.8,1.0
41.6,11.0,1.0
41.6,11.2,1.0
41.6,11.4,1.0
41.6,11.6,1.0
41.6,11.8,1.0
41.6,12.0,1.0117
41.6,12.2,1.0384
41.6,12.4,1.0806
41.6,12.6,1.1062
41.6,12.8,1.1379
41.6,13.0,1.1427
41.6,13.2,1.0989
41.6,13.4,1.0806
41.6,13.6,1.043
41.6,13.8,1.0059
41.6,14.0,0.9874
41.6,14.2,0.9966
41.6,14.4,1.0262
41.6,14.6,0.9131
41.6,14.8,0.9755
41.6,15.0,1.0212
41.6,15.2,1.0666
41.6,15.4,1.1197
41.6,15.6,1.1788
41.6,15.8,1.2424
41.6,16.0,1.1943
41.6,16.2,1.0351
41.6,16.4,1.0112
41.6,16.6,1.0
41.6,16.8,1.0
41.6,17.0,1.0
41.6,17.2,1.0
41.6,17.4,1.0
41.6,17.6,1.0
41.6,17.8,1.0
41.6,18.0,1.0
41.6,18.2,1.0
41.6,18.4,1.0
41.6,18.6,1.0
41.8,6.6,1.0
41.8,6.8,1.0
41.8,7.0,1.0
41.8,7.2,1.0
41.8,7.4,1.0
41.8,7.6,1.0
41.8,7.8,1.0
41.8,8.0,1.0
41.8,8.2,1.0
41.8,8.4,1.0
41.8,8.6,1.0
41.8,8.8,1.0
41.8,9.0,1.0
41.8,9.2,1.0
41.8,9.4,1.0
41.8,9.6,1.0
41.8,9.8,1.0
41.8,10.0,1.0
41.8,10.2,1.0
41.8,10.4,1.0
41.8,10.6,1.0
41.8,10.8,1.0
41.8,11.0,1.0
41.8,11.2,1.0
41.8,11.4,1.0
41.8,11.6,1.0
41.8,11.8,1.0121
41.8,12.0,1.0545
41.8,12.2,1.0522
41.8,12.4,1.0138
41.8,12.6,1.0772
41.8,12.8,1.0672
41.8,13.0,1.0264
41.8,13.2,1.0259
41.8,13.4,1.0787
41.8,13.6,0.9736
41.8,13.8,1.0162
41.8,14.0,1.0364
41.8,14.2,1.0814
41.8,14.4,1.1161
41.8,14.6,0.9797
41.8,14.8,0.9885
41.8,15.0,1.0096
41.8,15.2,1.0215
41.8,15.4,1.0212
41.8,15.6,1.0688
41.8,15.8,1.0197
41.8,16.0,0.9951
41.8,16.2,1.0478
41.8,16.4,1.0508
41.8,16.6,1.0009
41.8,16.8,1.0
41.8,17.0,1.0
41.8,17.2,1.0
41.8,17.4,1.0
41.8,17.6,1.0
41.8,17.8,1.0
41.8,18.0,1.0
41.8,18.2,1.0
41.8,18.4,1.0
41.8,18.6,1.0
42.0,6.6,1.0
42.0,6.8,1.0
42.0,7.0,1.0
42.0,7.2,1.0
42.0,7.4,1.0
42.0,7.6,1.0
42.0,7.8,1.0
42.0,8.0,1.0
42.0,8.2,1.0
42.0,8.4,1.0
42.0,8.6,1.0
42.0,8.8,1.0
42.0,9.0,1.0
42.0,9.2,1.0
42.0,9.4,1.0
42.0,9.6,1.0
42.0,9.8,1.0
42.0,10.0,1.0
42.0,10.2,1.0
42.0,10.4,1.0
42.0,10.6,1.0
42.0,10.8,1.0
42.0,11.0,1.0
42.0,11.2,1.0
42.0,11.4,1.0
42.0,11.6,1.0164
42.0,11.8,1.0562
42.0,12.0,1.0503
42.0,12.2,1.0081
42.0,12.4,1.0411
42.0,12.6,1.0322
42.0,12.8,1.0596
42.0,13.0,1.0198
42.0,13.2,1.0115
42.0,13.4,1.1393
42.0,13.6,0.9115
42.0,13.8,1.0633
42.0,14.0,1.0209
42.0,14.2,1.0415
42.0,14.4,1.1444
42.0,14.6,0.9102
42.0,14.8,1.0085
42.0,15.0,1.0493
42.0,15.2,1.0447
42.0,15.4,1.0143
42.0,15.6,1.0485
42.0,15.8,1.0109
42.0,16.0,0.9962
42.0,16.2,1.0342
42.0,16.4,1.0107
42.0,16.6,1.0
42.0,16.8,1.0
42.0,17.0,1.0
42.0,17.2,1.0
42.0,17.4,1.0
42.0,17.6,1.0
42.0,17.8,1.0
42.0,18.0,1.0
42.0,18.2,1.0
42.0,18.4,1.0
42.0,18.6,1.0
42.2,6.6,1.0
42.2,6.8,1.0
42.2,7.0,1.0
42.2,7.2,1.0
42.2,7.4,1.0
42.2,7.6,1.0
42.2,7.8,1.0
42.2,8.0,1.0
42.2,8.2,1.0
42.2,8.4,1.0
42.2,8.6,1.0
42.2,8.8,1.0
42.2,9.0,1.0
42.2,9.2,1.0
42.2,9.4,1.0
42.2,9.6,1.0
42.2,9.8,1.0
42.2,10.0,1.0
42.2,10.2,1.0
42.2,10.4,1.0
42.2,10.6,1.0
42.2,10.8,1.0
42.2,11.0,1.0
42.2,11.2,0.9922
42.2,11.4,0.973
42.2,11.6,1.0521
42.2,11.8,1.0689
42.2,12.0,1.0172
42.2,12.2,0.9745
42.2,12.4,1.0263
42.2,12.6,0.9728
42.2,12.8,1.0165
42.2,13.0,1.0386
42.2,13.2,1.0725
42.2,13.4,1.117
42.2,13.6,0.9722
42.2,13.8,1.0459
42.2,14.0,1.0581
42.2,14.2,1.1653
42.2,14.4,1.356
42.2,14.6,1.2796
42.2,14.8,1.0088
42.2,15.0,1.0359
42.2,15.2,1.0107
42.2,15.4,1.0
42.2,15.6,1.0
42.2,15.8,1.0
42.2,16.0,1.0
42.2,16.2,1.0
42.2,16.4,1.0
42.2,16.6,1.0
42.2,16.8,1.0
42.2,17.0,1.0
42.2,17.2,1.0
42.2,17.4,1.0
42.2,17.6,1.0
42.2,17.8,1.0
42.2,18.0,1.0
42.2,18.2,1.0
42.2,18.4,1.0
42.2,18.6,1.0
42.4,6.6,1.0
42.4,6.8,1.0
42.4,7.0,1.0
42.4,7.2,1.0
42.4,7.4,1.0
42.4,7.6,1.0
42.4,7.8,1.0
42.4,8.0,1.0
42.4,8.2,1.0
42.4,8.4,1.0
42.4,8.6,1.0
42.4,8.8,1.0
42.4,9.0,1.0
42.4,9.2,1.0
42.4,9.4,1.0
42.4,9.6,1.0
42.4,9.8,1.0
42.4,10.0,1.0
42.4,10.2,1.0
42.4,10.4,1.0
42.4,10.6,1.0
42.4,10.8,1.0
42.4,11.0,1.0119
42.4,11.2,0.9801
42.4,11.4,0.9639
42.4,11.6,0.958
42.4,11.8,0.9465
42.4,12.0,1.0018
42.4,12.2,1.0714
42.4,12.4,1.056
42.4,12.6,1.0252
42.4,12.8,1.0347
42.4,13.0,1.0551
42.4,13.2,0.9798
42.4,13.4,0.992
42.4,13.6,0.9228
42.4,13.8,0.9584
42.4,14.0,1.1442
42.4,14.2,1.1985
42.4,14.4,1.2171
42.4,14.6,1.0797
42.4,14.8,1.0002
42.4,15.0,1.0
42.4,15.2,1.0
42.4,15.4,1.0
42.4,15.6,1.0
42.4,15.8,1.0
42.4,16.0,1.0
42.4,16.2,1.0
42.4,16.4,1.0
42.4,16.6,1.0
42.4,16.8,1.0
42.4,17.0,1.0
42.4,17.2,1.0
42.4,17.4,1.0
42.4,17.6,1.0
42.4,17.8,1.0
42.4,18.0,1.0
42.4,18.2,1.0
42.4,18.4,1.0
42.4,18.6,1.0
42.6,6.6,1.0
42.6,6.8,1.0
42.6,7.0,1.0
42.6,7.2,1.0
42.6,7.4,1.0
42.6,7.6,1.0
42.6,7.8,1.0
42.6,8.0,1.0
42.6,8.2,1.0
42.6,8.4,1.0
42.6,8.6,1.0
42.6,8.8,1.0
42.6,9.0,1.0
42.6,9.2,1.0
42.6,9.4,1.0
42.6,9.6,1.0
42.6,9.8,1.0
42.6,10.0,1.0097
42.6,10.2,1.0319
42.6,10.4,1.022
42.6,10.6,1.0061
42.6,10.8,1.0113
42.6,11.0,1.0557
42.6,11.2,1.0607
42.6,11.4,1.0704
42.6,11.6,1.1419
42.6,11.8,1.1554
42.6,12.0,1.1194
42.6,12.2,0.9813
42.6,12.4,0.9914
42.6,12.6,1.0162
42.6,12.8,1.003
42.6,13.0,1.0226
42.6,13.2,1.0314
42.6,13.4,1.0833
42.6,13.6,1.0342
42.6,13.8,0.946
42.6,14.0,0.9102
42.6,14.2,0.9531
42.6,14.4,1.0392
42.6,14.6,1.0001
42.6,14.8,1.0
42.6,15.0,1.0
42.6,15.2,1.0
42.6,15.4,1.0
42.6,15.6,1.0
42.6,15.8,1.0
42.6,16.0,1.0
42.6,16.2,1.0
42.6,16.4,1.0
42.6,16.6,1.0
42.6,16.8,1.0
42.6,17.0,1.0
42.6,17.2,1.0
42.6,17.4,1.0
42.6,17.6,1.0
42.6,17.8,1.0
42.6,18.0,1.0
42.6,18.2,1.0
42.6,18.4,1.0
42.6,18.6,1.0
42.8,6.6,1.0
42.8,6.8,1.0
42.8,7.0,1.0
42.8,7.2,1.0
42.8,7.4,1.0
42.8,7.6,1.0
42.8,7.8,1.0
42.8,8.0,1.0
42.8,8.2,1.0
42.8,8.4,1.0
42.8,8.6,1.0
42.8,8.8,1.0
42.8,9.0,1.0
42.8,9.2,1.0
42.8,9.4,1.0
42.8,9.6,1.0
42.8,9.8,1.001
42.8,10.0,1.0433
42.8,10.2,1.0446
42.8,10.4,1.0309
42.8,10.6,1.0323
42.8,10.8,1.0421
42.8,11.0,1.0475
42.8,11.2,1.0295
42.8,11.4,1.0105
42.8,11.6,1.1061
42.8,11.8,1.0607
42.8,12.0,1.0492
42.8,12.2,1.051
42.8,12.4,0.9789
42.8,12.6,0.979
42.8,12.8,1.0062
42.8,13.0,1.0301
42.8,13.2,1.0032
42.8,13.4,1.0127
42.8,13.6,0.9616
42.8,13.8,0.9314
42.8,14.0,0.9283
42.8,14.2,0.9785
42.8,14.4,1.0
42.8,14.6,1.0
42.8,14.8,1.0
42.8,15.0,1.0
42.8,15.2,1.0
42.8,15.4,1.0
42.8,15.6,1.0
42.8,15.8,1.0
42.8,16.0,1.0
42.8,16.2,1.0
42.8,16.4,1.0
42.8,16.6,1.0
42.8,16.8,1.0
42.8,17.0,1.0
42.8,17.2,1.0
42.8,17.4,1.0
42.8,17.6,1.0
42.8,17.8,1.0
42.8,18.0,1.0
42.8,18.2,1.0
42.8,18.4,1.0
42.8,18.6,1.0
43.0,6.6,1.0
43.0,6.8,1.0
43.0,7.0,1.0
43.0,7.2,1.0
43.0,7.4,1.0
43.0,7.6,1.0
43.0,7.8,1.0
43.0,8.0,1.0
43.0,8.2,1.0
43.0,8.4,1.0
43.0,8.6,1.0
43.0,8.8,1.0
43.0,9.0,1.0
43.0,9.2,1.0
43.0,9.4,1.0
43.0,9.6,1.0
43.0,9.8,1.0
43.0,10.0,1.0099
43.0,10.2,1.0321
43.0,10.4,1.0571
43.0,10.6,1.0602
43.0,10.8,1.0195
43.0,11.0,1.0205
43.0,11.2,1.037
43.0,11.4,1.0526
43.0,11.6,1.1
43.0,11.8,1.0524
43.0,12.0,1.0225
43.0,12.2,1.04
43.0,12.4,1.0373
43.0,12.6,1.0108
43.0,12.8,1.0645
43.0,13.0,1.0453
43.0,13.2,1.0113
43.0,13.4,1.0373
43.0,13.6,0.9727
43.0,13.8,0.9718
43.0,14.0,0.9747
43.0,14.2,0.9994
43.0,14.4,1.0
43.0,14.6,1.0
43.0,14.8,1.0
43.0,15.0,1.0
43.0,15.2,1.0
43.0,15.4,1.0
43.0,15.6,1.0
43.0,15.8,1.0
43.0,16.0,1.0
43.0,16.2,1.0
43.0,16.4,1.0
43.0,16.6,1.0
43.0,16.8,1.0
43.0,17.0,1.0
43.0,17.2,1.0
43.0,17.4,1.0
43.0,17.6,1.0
43.0,17.8,1.0
43.0,18.0,1.0
43.0,18.2,1.0
43.0,18.4,1.0
43.0,18.6,1.0
43.2,6.6,1.0
43.2,6.8,1.0
43.2,7.0,1.0
43.2,7.2,1.0
43.2,7.4,1.0
43.2,7.6,1.0
43.2,7.8,1.0
43.2,8.0,1.0
43.2,8.2,1.0
43.2,8.4,1.0
43.2,8.6,1.0
43.2,8.8,1.0
43.2,9.0,1.0
43.2,9.2,1.0
43.2,9.4,1.0
43.2,9.6,1.0
43.2,9.8,1.0
43.2,10.0,1.0
43.2,10.2,1.0014
43.2,10.4,1.0511
43.2,10.6,1.0516
43.2,10.8,1.0292
43.2,11.0,1.016
43.2,11.2,1.0265
43.2,11.4,1.0548
43.2,11.6,0.9989
43.2,11.8,1.031
43.2,12.0,1.0105
43.2,12.2,1.0138
43.2,12.4,1.0078
43.2,12.6,0.9641
43.2,12.8,1.0044
43.2,13.0,1.0121
43.2,13.2,1.0839
43.2,13.4,1.0964
43.2,13.6,1.0063
43.2,13.8,0.9913
43.2,14.0,0.9945
43.2,14.2,1.0
43.2,14.4,1.0
43.2,14.6,1.0
43.2,14.8,1.0
43.2,15.0,1.0
43.2,15.2,1.0
43.2,15.4,1.0
43.2,15.6,1.0
43.2,15.8,1.0
43.2,16.0,1.0
43.2,16.2,1.0
43.2,16.4,1.0
43.2,16.6,1.0
43.2,16.8,1.0
43.2,17.0,1.0
43.2,17.2,1.0
43.2,17.4,1.0
43.2,17.6,1.0
43.2,17.8,1.0
43.2,18.0,1.0
43.2,18.2,1.0
43.2,18.4,1.0
43.2,18.6,1.0
43.4,6.6,1.0
43.4,6.8,1.0
43.4,7.0,1.0
43.4,7.2,1.0
43.4,7.4,1.0
43.4,7.6,1.0
43.4,7.8,1.0
43.4,8.0,1.0
43.4,8.2,1.0
43.4,8.4,1.0
43.4,8.6,1.0
43.4,8.8,1.0
43.4,9.0,1.0
43.4,9.2,1.0
43.4,9.4,1.0
43.4,9.6,1.0
43.4,9.8,1.0
43.4,10.0,1.0001
43.4,10.2,1.0311
43.4,10.4,1.0199
43.4,10.6,1.0079
43.4,10.8,1.0531
43.4,11.0,1.0415
43.4,11.2,1.0179
43.4,11.4,0.9559
43.4,11.6,0.9252
43.4,11.8,0.9416
43.4,12.0,0.9474
43.4,12.2,0.9961
43.4,12.4,0.9945
43.4,12.6,1.0001
43.4,12.8,1.0302
43.4,13.0,1.0907
43.4,13.2,1.1393
43.4,13.4,1.1245
43.4,13.6,1.0195
43.4,13.8,1.0042
43.4,14.0,1.0001
43.4,14.2,1.0
43.4,14.4,1.0
43.4,14.6,1.0
43.4,14.8,1.0
43.4,15.0,1.0
43.4,15.2,1.0
43.4,15.4,1.0
43.4,15.6,1.0
43.4,15.8,1.0
43.4,16.0,1.0
43.4,16.2,1.0
43.4,16.4,1.0
43.4,16.6,1.0
43.4,16.8,1.0
43.4,17.0,1.0
43.4,17.2,1.0
43.4,17.4,1.0
43.4,17.6,1.0
43.4,17.8,1.0
43.4,18.0,1.0
43.4,18.2,1.0
43.4,18.4,1.0
43.4,18.6,1.0
43.6,6.6,1.0
43.6,6.8,1.0
43.6,7.0,1.0002
43.6,7.2,1.056
43.6,7.4,1.1735
43.6,7.6,1.1071
43.6,7.8,1.2338
43.6,8.0,1.0743
43.6,8.2,1.0002
43.6,8.4,1.0
43.6,8.6,1.0
43.6,8.8,1.0
43.6,9.0,1.0
43.6,9.2,1.0
43.6,9.4,1.0
43.6,9.6,1.0
43.6,9.8,1.0
43.6,10.0,1.004
43.6,10.2,1.1359
43.6,10.4,1.1379
43.6,10.6,1.0857
43.6,10.8,1.0438
43.6,11.0,1.0175
43.6,11.2,1.0472
43.6,11.4,1.0758
43.6,11.6,1.1147
43.6,11.8,1.1378
43.6,12.0,1.1146
43.6,12.2,1.1012
43.6,12.4,1.0604
43.6,12.6,1.0179
43.6,12.8,0.9719
43.6,13.0,0.9643
43.6,13.2,0.998
43.6,13.4,1.0546
43.6,13.6,1.0513
43.6,13.8,1.0023
43.6,14.0,1.0
43.6,14.2,1.0
43.6,14.4,1.0
43.6,14.6,1.0
43.6,14.8,1.0
43.6,15.0,1.0
43.6,15.2,1.0
43.6,15.4,1.0
43.6,15.6,1.0
43.6,15.8,1.0
43.6,16.0,1.0
43.6,16.2,1.0
43.6,16.4,1.0
43.6,16.6,1.0
43.6,16.8,1.0
43.6,17.0,1.0
43.6,17.2,1.0
43.6,17.4,1.0
43.6,17.6,1.0
43.6,17.8,1.0
43.6,18.0,1.0
43.6,18.2,1.0
43.6,18.4,1.0
43.6,18.6,1.0
43.8,6.6,1.0
43.8,6.8,1.0064
43.8,7.0,1.0226
43.8,7.2,1.2034
43.8,7.4,1.2462
43.8,7.6,1.2637
43.8,7.8,1.3309
43.8,8.0,1.2776
43.8,8.2,1.0172
43.8,8.4,1.0
43.8,8.6,1.0
43.8,8.8,1.0
43.8,9.0,1.0
43.8,9.2,1.0
43.8,9.4,1.0
43.8,9.6,1.0
43.8,9.8,1.0
43.8,10.0,1.0075
43.8,10.2,1.0893
43.8,10.4,1.0989
43.8,10.6,1.0558
43.8,10.8,1.0493
43.8,11.0,1.0416
43.8,11.2,1.0108
43.8,11.4,0.9743
43.8,11.6,1.0244
43.8,11.8,1.0135
43.8,12.0,0.9983
43.8,12.2,1.0286
43.8,12.4,1.0307
43.8,12.6,0.9735
43.8,12.8,0.9824
43.8,13.0,1.0148
43.8,13.2,1.0154
43.8,13.4,1.0376
43.8,13.6,1.0132
43.8,13.8,1.0
43.8,14.0,1.0
43.8,14.2,1.0
43.8,14.4,1.0
43.8,14.6,1.0
43.8,14.8,1.0
43.8,15.0,1.0
43.8,15.2,1.0
43.8,15.4,1.0
43.8,15.6,1.0
43.8,15.8,1.0
43.8,16.0,1.0
43.8,16.2,1.0
43.8,16.4,1.0
43.8,16.6,1.0
43.8,16.8,1.0
43.8,17.0,1.0
43.8,17.2,1.0
43.8,17.4,1.0
43.8,17.6,1.0
43.8,17.8,1.0
43.8,18.0,1.0
43.8,18.2,1.0
43.8,18.4,1.0
43.8,18.6,1.0
44.0,6.6,1.0077
44.0,6.8,1.027
44.0,7.0,1.0286
44.0,7.2,1.0339
44.0,7.4,1.0457
44.0,7.6,1.03
44.0,7.8,1.0341
44.0,8.0,1.0415
44.0,8.2,1.0329
44.0,8.4,0.9975
44.0,8.6,1.0
44.0,8.8,1.0
44.0,9.0,1.0
44.0,9.2,1.0
44.0,9.4,1.0112
44.0,9.6,1.0329
44.0,9.8,1.0166
44.0,10.0,1.0216
44.0,10.2,1.0229
44.0,10.4,1.0198
44.0,10.6,0.9848
44.0,10.8,1.0016
44.0,11.0,1.0324
44.0,11.2,1.066
44.0,11.4,1.0161
44.0,11.6,1.0524
44.0,11.8,1.0411
44.0,12.0,1.0187
44.0,12.2,1.0461
44.0,12.4,1.0512
44.0,12.6,0.9939
44.0,12.8,0.9859
44.0,13.0,1.0112
44.0,13.2,1.0046
44.0,13.4,1.0
44.0,13.6,1.0
44.0,13.8,1.0
44.0,14.0,1.0
44.0,14.2,1.0
44.0,14.4,1.0
44.0,14.6,1.0
44.0,14.8,1.0
44.0,15.0,1.0
44.0,15.2,1.0
44.0,15.4,1.0
44.0,15.6,1.0
44.0,15.8,1.0
44.0,16.0,1.0
44.0,16.2,1.0
44.0,16.4,1.0
44.0,16.6,1.0
44.0,16.8,1.0
44.0,17.0,1.0
44.0,17.2,1.0
44.0,17.4,1.0
44.0,17.6,1.0
44.0,17.8,1.0
44.0,18.0,1.0
44.0,18.2,1.0
44.0,18.4,1.0
44.0,18.6,1.0
44.2,6.6,1.0321
44.2,6.8,1.0314
44.2,7.0,1.0163
44.2,7.2,1.0409
44.2,7.4,1.0959
44.2,7.6,1.0978
44.2,7.8,1.0367
44.2,8.0,0.9838
44.2,8.2,0.985
44.2,8.4,0.9957
44.2,8.6,1.0212
44.2,8.8,1.0061
44.2,9.0,0.9815
44.2,9.2,0.9463
44.2,9.4,1.0317
44.2,9.6,1.0437
44.2,9.8,1.0217
44.2,10.0,1.022
44.2,10.2,1.0063
44.2,10.4,0.9789
44.2,10.6,0.9807
44.2,10.8,0.9859
44.2,11.0,0.9939
44.2,11.2,1.0184
44.2,11.4,1.0003
44.2,11.6,0.9947
44.2,11.8,1.0309
44.2,12.0,1.0946
44.2,12.2,1.1132
44.2,12.4,1.0761
44.2,12.6,1.0559
44.2,12.8,0.9986
44.2,13.0,1.0
44.2,13.2,1.0
44.2,13.4,1.0
44.2,13.6,1.0
44.2,13.8,1.0
44.2,14.0,1.0
44.2,14.2,1.0
44.2,14.4,1.0
44.2,14.6,1.0
44.2,14.8,1.0
44.2,15.0,1.0
44.2,15.2,1.0
44.2,15.4,1.0
44.2,15.6,1.0
44.2,15.8,1.0
44.2,16.0,1.0
44.2,16.2,1.0
44.2,16.4,1.0
44.2,16.6,1.0
44.2,16.8,1.0
44.2,17.0,1.0
44.2,17.2,1.0
44.2,17.4,1.0
44.2,17.6,1.0
44.2,17.8,1.0
44.2,18.0,1.0
44.2,18.2,1.0
44.2,18.4,1.0
44.2,18.6,1.0
44.4,6.6,1.1395
44.4,6.8,1.1291
44.4,7.0,1.0031
44.4,7.2,0.9647
44.4,7.4,0.9283
44.4,7.6,0.9351
44.4,7.8,1.0658
44.4,8.0,1.1643
44.4,8.2,1.0896
44.4,8.4,1.0518
44.4,8.6,1.029
44.4,8.8,1.022
44.4,9.0,0.9362
44.4,9.2,0.9253
44.4,9.4,0.9551
44.4,9.6,0.952
44.4,9.8,0.985
44.4,10.0,1.0371
44.4,10.2,1.0509
44.4,10.4,1.0565
44.4,10.6,1.0646
44.4,10.8,1.1032
44.4,11.0,1.1515
44.4,11.2,1.1859
44.4,11.4,1.1444
44.4,11.6,1.1069
44.4,11.8,1.0783
44.4,12.0,1.0218
44.4,12.2,0.9548
44.4,12.4,0.9636
44.4,12.6,1.014
44.4,12.8,1.0001
44.4,13.0,1.0
44.4,13.2,1.0
44.4,13.4,1.0
44.4,13.6,1.0
44.4,13.8,1.0
44.4,14.0,1.0
44.4,14.2,1.0
44.4,14.4,1.0
44.4,14.6,1.0
44.4,14.8,1.0
44.4,15.0,1.0
44.4,15.2,1.0
44.4,15.4,1.0
44.4,15.6,1.0
44.4,15.8,1.0
44.4,16.0,1.0
44.4,16.2,1.0
44.4,16.4,1.0
44.4,16.6,1.0
44.4,16.8,1.0
44.4,17.0,1.0
44.4,17.2,1.0
44.4,17.4,1.0
44.4,17.6,1.0
44.4,17.8,1.0
44.4,18.0,1.0
44.4,18.2,1.0
44.4,18.4,1.0
44.4,18.6,1.0
44.6,6.6,1.0661
44.6,6.8,1.0838
44.6,7.0,1.0712
44.6,7.2,1.0507
44.6,7.4,1.0268
44.6,7.6,0.9113
44.6,7.8,0.8644
44.6,8.0,0.9161
44.6,8.2,0.9548
44.6,8.4,0.9917
44.6,8.6,0.9794
44.6,8.8,1.0038
44.6,9.0,1.0011
44.6,9.2,0.9924
44.6,9.4,1.0161
44.6,9.6,0.989
44.6,9.8,0.9586
44.6,10.0,0.9511
44.6,10.2,0.9423
44.6,10.4,0.9191
44.6,10.6,0.899
44.6,10.8,0.9154
44.6,11.0,0.9479
44.6,11.2,1.0096
44.6,11.4,1.0279
44.6,11.6,1.0084
44.6,11.8,1.0109
44.6,12.0,1.0443
44.6,12.2,1.0339
44.6,12.4,0.9966
44.6,12.6,1.0
44.6,12.8,1.0
44.6,13.0,1.0
44.6,13.2,1.0
44.6,13.4,1.0
44.6,13.6,1.0
44.6,13.8,1.0
44.6,14.0,1.0
44.6,14.2,1.0
44.6,14.4,1.0
44.6,14.6,1.0
44.6,14.8,1.0
44.6,15.0,1.0
44.6,15.2,1.0
44.6,15.4,1.0
44.6,15.6,1.0
44.6,15.8,1.0
44.6,16.0,1.0
44.6,16.2,1.0
44.6,16.4,1.0
44.6,16.6,1.0
44.6,16.8,1.0
44.6,17.0,1.0
44.6,17.2,1.0
44.6,17.4,1.0
44.6,17.6,1.0
44.6,17.8,1.0
44.6,18.0,1.0
44.6,18.2,1.0
44.6,18.4,1.0
44.6,18.6,1.0
44.8,6.6,0.9865
44.8,6.8,1.1362
44.8,7.0,1.0299
44.8,7.2,0.9989
44.8,7.4,1.0417
44.8,7.6,0.8679
44.8,7.8,0.8666
44.8,8.0,1.0114
44.8,8.2,1.0049
44.8,8.4,1.1305
44.8,8.6,0.9706
44.8,8.8,0.9825
44.8,9.0,0.9599
44.8,9.2,0.9417
44.8,9.4,0.968
44.8,9.6,0.9556
44.8,9.8,0.9389
44.8,10.0,0.9565
44.8,10.2,0.9413
44.8,10.4,0.9448
44.8,10.6,0.9386
44.8,10.8,0.947
44.8,11.0,1.04
44.8,11.2,1.0349
44.8,11.4,1.0392
44.8,11.6,1.0313
44.8,11.8,1.023
44.8,12.0,1.0446
44.8,12.2,1.0351
44.8,12.4,1.0311
44.8,12.6,1.0013
44.8,12.8,1.0
44.8,13.0,1.0
44.8,13.2,1.0
44.8,13.4,1.0
44.8,13.6,1.0
44.8,13.8,1.0
44.8,14.0,1.0
44.8,14.2,1.0
44.8,14.4,1.0
44.8,14.6,1.0
44.8,14.8,1.0
44.8,15.0,1.0
44.8,15.2,1.0
44.8,15.4,1.0
44.8,15.6,1.0
44.8,15.8,1.0
44.8,16.0,1.0
44.8,16.2,1.0
44.8,16.4,1.0
44.8,16.6,1.0
44.8,16.8,1.0
44.8,17.0,1.0
44.8,17.2,1.0
44.8,17.4,1.0
44.8,17.6,1.0
44.8,17.8,1.0
44.8,18.0,1.0
44.8,18.2,1.0
44.8,18.4,1.0
44.8,18.6,1.0
45.0,6.6,0.9639
45.0,6.8,1.168
45.0,7.0,1.0541
45.0,7.2,1.053
45.0,7.4,1.1095
45.0,7.6,0.9458
45.0,7.8,0.9562
45.0,8.0,1.0203
45.0,8.2,1.0066
45.0,8.4,1.124
45.0,8.6,0.9648
45.0,8.8,1.0299
45.0,9.0,1.026
45.0,9.2,0.999
45.0,9.4,0.9815
45.0,9.6,1.0275
45.0,9.8,0.9914
45.0,10.0,1.0168
45.0,10.2,1.0017
45.0,10.4,1.0151
45.0,10.6,1.0273
45.0,10.8,1.0238
45.0,11.0,1.028
45.0,11.2,1.0197
45.0,11.4,1.0351
45.0,11.6,1.0106
45.0,11.8,1.016
45.0,12.0,1.0291
45.0,12.2,1.0411
45.0,12.4,1.0404
45.0,12.6,1.0018
45.0,12.8,1.0
45.0,13.0,1.0
45.0,13.2,1.0
45.0,13.4,1.0
45.0,13.6,1.0
45.0,13.8,1.0
45.0,14.0,1.0
45.0,14.2,1.0
45.0,14.4,1.0
45.0,14.6,1.0
45.0,14.8,1.0
45.0,15.0,1.0
45.0,15.2,1.0
45.0,15.4,1.0
45.0,15.6,1.0
45.0,15.8,1.0
45.0,16.0,1.0
45.0,16.2,1.0
45.0,16.4,1.0
45.0,16.6,1.0
45.0,16.8,1.0
45.0,17.0,1.0
45.0,17.2,1.0
45.0,17.4,1.0
45.0,17.6,1.0
45.0,17.8,1.0
45.0,18.0,1.0
45.0,18.2,1.0
45.0,18.4,1.0
45.0,18.6,1.0
45.2,6.6,0.9141
45.2,6.8,1.055
45.2,7.0,1.0119
45.2,7.2,1.0001
45.2,7.4,0.8306
45.2,7.6,0.763
45.2,7.8,0.9174
45.2,8.0,0.9799
45.2,8.2,1.0075
45.2,8.4,0.9982
45.2,8.6,0.8887
45.2,8.8,0.9289
45.2,9.0,0.908
45.2,9.2,0.9583
45.2,9.4,0.933
45.2,9.6,0.9904
45.2,9.8,0.9702
45.2,10.0,0.9756
45.2,10.2,0.9726
45.2,10.4,1.0203
45.2,10.6,1.0054
45.2,10.8,1.0434
45.2,11.0,1.0234
45.2,11.2,1.0151
45.2,11.4,1.0378
45.2,11.6,1.0132
45.2,11.8,1.0215
45.2,12.0,1.0081
45.2,12.2,0.9901
45.2,12.4,0.9905
45.2,12.6,0.9996
45.2,12.8,1.0
45.2,13.0,1.0
45.2,13.2,1.0
45.2,13.4,0.9902
45.2,13.6,0.9692
45.2,13.8,0.9688
45.2,14.0,1.0289
45.2,14.2,1.0131
45.2,14.4,1.0001
45.2,14.6,1.0
45.2,14.8,1.0
45.2,15.0,1.0
45.2,15.2,1.0
45.2,15.4,1.0
45.2,15.6,1.0
45.2,15.8,1.0
45.2,16.0,1.0
45.2,16.2,1.0
45.2,16.4,1.0
45.2,16.6,1.0
45.2,16.8,1.0
45.2,17.0,1.0
45.2,17.2,1.0
45.2,17.4,1.0
45.2,17.6,1.0
45.2,17.8,1.0
45.2,18.0,1.0
45.2,18.2,1.0
45.2,18.4,1.0
45.2,18.6,1.0
45.4,6.6,1.0494
45.4,6.8,1.0695
45.4,7.0,1.062
45.4,7.2,1.1896
45.4,7.4,1.1222
45.4,7.6,1.049
45.4,7.8,1.1264
45.4,8.0,0.854
45.4,8.2,0.8089
45.4,8.4,0.833
45.4,8.6,0.859
45.4,8.8,0.9954
45.4,9.0,0.9903
45.4,9.2,1.0166
45.4,9.4,1.0298
45.4,9.6,1.0564
45.4,9.8,1.0391
45.4,10.0,1.0388
45.4,10.2,1.0147
45.4,10.4,1.0097
45.4,10.6,0.9588
45.4,10.8,0.9431
45.4,11.0,0.8732
45.4,11.2,0.8562
45.4,11.4,0.8705
45.4,11.6,0.8823
45.4,11.8,0.9933
45.4,12.0,1.0141
45.4,12.2,1.0213
45.4,12.4,1.0436
45.4,12.6,1.0169
45.4,12.8,1.0001
45.4,13.0,1.0
45.4,13.2,0.9982
45.4,13.4,0.961
45.4,13.6,0.9572
45.4,13.8,0.9599
45.4,14.0,1.041
45.4,14.2,1.0516
45.4,14.4,1.0025
45.4,14.6,1.0
45.4,14.8,1.0
45.4,15.0,1.0
45.4,15.2,1.0
45.4,15.4,1.0
45.4,15.6,1.0
45.4,15.8,1.0
45.4,16.0,1.0
45.4,16.2,1.0
45.4,16.4,1.0
45.4,16.6,1.0
45.4,16.8,1.0
45.4,17.0,1.0
45.4,17.2,1.0
45.4,17.4,1.0
45.4,17.6,1.0
45.4,17.8,1.0
45.4,18.0,1.0
45.4,18.2,1.0
45.4,18.4,1.0
45.4,18.6,1.0
45.6,6.6,1.0918
45.6,6.8,1.0668
45.6,7.0,0.8866
45.6,7.2,0.8432
45.6,7.4,0.7194
45.6,7.6,0.7296
45.6,7.8,1.1895
45.6,8.0,1.1679
45.6,8.2,1.1986
45.6,8.4,1.128
45.6,8.6,0.9389
45.6,8.8,1.0283
45.6,9.0,1.0146
45.6,9.2,1.0647
45.6,9.4,1.0753
45.6,9.6,1.0468
45.6,9.8,1.0115
45.6,10.0,1.0339
45.6,10.2,1.0394
45.6,10.4,1.062
45.6,10.6,1.0486
45.6,10.8,1.158
45.6,11.0,1.1476
45.6,11.2,1.1709
45.6,11.4,1.1886
45.6,11.6,1.1701
45.6,11.8,1.1475
45.6,12.0,1.0535
45.6,12.2,1.054
45.6,12.4,1.0668
45.6,12.6,1.0616
45.6,12.8,1.0084
45.6,13.0,0.9991
45.6,13.2,0.9997
45.6,13.4,1.0007
45.6,13.6,1.0516
45.6,13.8,1.0623
45.6,14.0,1.0649
45.6,14.2,1.0619
45.6,14.4,1.0032
45.6,14.6,1.0
45.6,14.8,1.0
45.6,15.0,1.0
45.6,15.2,1.0
45.6,15.4,1.0
45.6,15.6,1.0
45.6,15.8,1.0
45.6,16.0,1.0
45.6,16.2,1.0
45.6,16.4,1.0
45.6,16.6,1.0
45.6,16.8,1.0
45.6,17.0,1.0
45.6,17.2,1.0
45.6,17.4,1.0
45.6,17.6,1.0
45.6,17.8,1.0
45.6,18.0,1.0
45.6,18.2,1.0
45.6,18.4,1.0
45.6,18.6,1.0
45.8,6.6,1.0344
45.8,6.8,1.0408
45.8,7.0,1.0659
45.8,7.2,1.0633
45.8,7.4,1.0789
45.8,7.6,1.1928
45.8,7.8,1.1287
45.8,8.0,1.0979
45.8,8.2,1.0788
45.8,8.4,1.2328
45.8,8.6,1.0508
45.8,8.8,1.0987
45.8,9.0,1.0831
45.8,9.2,1.1082
45.8,9.4,1.1394
45.8,9.6,1.158
45.8,9.8,1.146
45.8,10.0,1.1457
45.8,10.2,1.1359
45.8,10.4,1.1252
45.8,10.6,1.0682
45.8,10.8,1.0786
45.8,11.0,1.0505
45.8,11.2,1.0259
45.8,11.4,1.0356
45.8,11.6,1.0614
45.8,11.8,1.0703
45.8,12.0,1.1198
45.8,12.2,1.0504
45.8,12.4,1.0328
45.8,12.6,1.0345
45.8,12.8,1.016
45.8,13.0,0.9994
45.8,13.2,0.9998
45.8,13.4,1.0046
45.8,13.6,1.0826
45.8,13.8,1.0761
45.8,14.0,1.0637
45.8,14.2,1.0588
45.8,14.4,1.0031
45.8,14.6,1.0
45.8,14.8,1.0
45.8,15.0,1.0
45.8,15.2,1.0
45.8,15.4,1.0
45.8,15.6,1.0
45.8,15.8,1.0
45.8,16.0,1.0
45.8,16.2,1.0
45.8,16.4,1.0
45.8,16.6,1.0
45.8,16.8,1.0
45.8,17.0,1.0
45.8,17.2,1.0
45.8,17.4,1.0
45.8,17.6,1.0
45.8,17.8,1.0
45.8,18.0,1.0
45.8,18.2,1.0
45.8,18.4,1.0
45.8,18.6,1.0
46.0,6.6,0.9754
46.0,6.8,0.9811
46.0,7.0,1.0284
46.0,7.2,1.0746
46.0,7.4,1.0804
46.0,7.6,1.1839
46.0,7.8,1.0587
46.0,8.0,1.0031
46.0,8.2,0.9503
46.0,8.4,1.165
46.0,8.6,0.9401
46.0,8.8,0.9958
46.0,9.0,1.0134
46.0,9.2,0.9965
46.0,9.4,0.9954
46.0,9.6,1.0452
46.0,9.8,0.9974
46.0,10.0,1.0118
46.0,10.2,1.0129
46.0,10.4,1.0143
46.0,10.6,0.98
46.0,10.8,1.0457
46.0,11.0,1.0485
46.0,11.2,1.0623
46.0,11.4,0.9589
46.0,11.6,1.0816
46.0,11.8,1.0113
46.0,12.0,1.0318
46.0,12.2,1.0582
46.0,12.4,1.0425
46.0,12.6,1.0399
46.0,12.8,1.0129
46.0,13.0,1.0232
46.0,13.2,1.0075
46.0,13.4,0.9889
46.0,13.6,1.0585
46.0,13.8,1.0395
46.0,14.0,1.0357
46.0,14.2,1.0159
46.0,14.4,1.0001
46.0,14.6,1.0
46.0,14.8,1.0
46.0,15.0,1.0
46.0,15.2,1.0
46.0,15.4,1.0
46.0,15.6,1.0
46.0,15.8,1.0
46.0,16.0,1.0
46.0,16.2,1.0
46.0,16.4,1.0
46.0,16.6,1.0
46.0,16.8,1.0
46.0,17.0,1.0
46.0,17.2,1.0
46.0,17.4,1.0
46.0,17.6,1.0
46.0,17.8,1.0
46.0,18.0,1.0
46.0,18.2,1.0
46.0,18.4,1.0
46.0,18.6,1.0
46.2,6.6,0.9933
46.2,6.8,0.9856
46.2,7.0,1.0203
46.2,7.2,1.0553
46.2,7.4,1.0597
46.2,7.6,1.0858
46.2,7.8,1.0709
46.2,8.0,1.0535
46.2,8.2,1.0146
46.2,8.4,1.058
46.2,8.6,0.9989
46.2,8.8,1.0165
46.2,9.0,1.037
46.2,9.2,1.0879
46.2,9.4,1.068
46.2,9.6,1.1107
46.2,9.8,1.0723
46.2,10.0,1.0943
46.2,10.2,1.093
46.2,10.4,1.1024
46.2,10.6,1.1676
46.2,10.8,1.0572
46.2,11.0,1.0284
46.2,11.2,1.1546
46.2,11.4,1.0111
46.2,11.6,1.1855
46.2,11.8,1.112
46.2,12.0,0.9883
46.2,12.2,1.0116
46.2,12.4,0.9968
46.2,12.6,0.9744
46.2,12.8,0.9602
46.2,13.0,0.9652
46.2,13.2,0.962
46.2,13.4,0.9794
46.2,13.6,1.0205
46.2,13.8,1.0269
46.2,14.0,1.0256
46.2,14.2,1.0015
46.2,14.4,1.0
46.2,14.6,1.0
46.2,14.8,1.0
46.2,15.0,1.0
46.2,15.2,1.0
46.2,15.4,1.0
46.2,15.6,1.0
46.2,15.8,1.0
46.2,16.0,1.0
46.2,16.2,1.0
46.2,16.4,1.0
46.2,16.6,1.0
46.2,16.8,1.0
46.2,17.0,1.0
46.2,17.2,1.0
46.2,17.4,1.0
46.2,17.6,1.0
46.2,17.8,1.0
46.2,18.0,1.0
46.2,18.2,1.0
46.2,18.4,1.0
46.2,18.6,1.0
46.4,6.6,1.0
46.4,6.8,1.0
46.4,7.0,1.0
46.4,7.2,1.0
46.4,7.4,1.0001
46.4,7.6,1.019
46.4,7.8,1.0383
46.4,8.0,1.0373
46.4,8.2,1.0443
46.4,8.4,1.0383
46.4,8.6,1.018
46.4,8.8,1.0147
46.4,9.0,1.0037
46.4,9.2,0.997
46.4,9.4,0.9855
46.4,9.6,1.0209
46.4,9.8,0.9939
46.4,10.0,1.0388
46.4,10.2,1.1259
46.4,10.4,1.2369
46.4,10.6,1.3597
46.4,10.8,1.1687
46.4,11.0,1.0324
46.4,11.2,1.0694
46.4,11.4,1.0649
46.4,11.6,1.2213
46.4,11.8,1.2401
46.4,12.0,1.1064
46.4,12.2,1.0428
46.4,12.4,0.9515
46.4,12.6,0.9457
46.4,12.8,0.9172
46.4,13.0,0.919
46.4,13.2,0.9471
46.4,13.4,0.984
46.4,13.6,0.9422
46.4,13.8,0.986
46.4,14.0,0.9955
46.4,14.2,0.9997
46.4,14.4,1.0
46.4,14.6,1.0
46.4,14.8,1.0
46.4,15.0,1.0
46.4,15.2,1.0
46.4,15.4,1.0
46.4,15.6,1.0
46.4,15.8,1.0
46.4,16.0,1.0
46.4,16.2,1.0
46.4,16.4,1.0
46.4,16.6,1.0
46.4,16.8,1.0
46.4,17.0,1.0
46.4,17.2,1.0
46.4,17.4,1.0
46.4,17.6,1.0
46.4,17.8,1.0
46.4,18.0,1.0
46.4,18.2,1.0
46.4,18.4,1.0
46.4,18.6,1.0
46.6,6.6,1.0
46.6,6.8,1.0
46.6,7.0,1.0
46.6,7.2,1.0
46.6,7.4,1.0
46.6,7.6,1.0
46.6,7.8,1.0109
46.6,8.0,1.0486
46.6,8.2,1.049
46.6,8.4,1.0301
46.6,8.6,1.0369
46.6,8.8,1.037
46.6,9.0,1.0946
46.6,9.2,1.0925
46.6,9.4,1.0516
46.6,9.6,1.0425
46.6,9.8,1.0576
46.6,10.0,1.0867
46.6,10.2,1.0951
46.6,10.4,1.1122
46.6,10.6,1.1449
46.6,10.8,1.0117
46.6,11.0,1.081
46.6,11.2,1.2201
46.6,11.4,1.0983
46.6,11.6,1.0307
46.6,11.8,0.9676
46.6,12.0,0.8881
46.6,12.2,0.8795
46.6,12.4,0.8815
46.6,12.6,0.9115
46.6,12.8,0.8852
46.6,13.0,0.8918
46.6,13.2,0.914
46.6,13.4,0.9194
46.6,13.6,0.8691
46.6,13.8,0.8814
46.6,14.0,0.8909
46.6,14.2,0.9929
46.6,14.4,1.0
46.6,14.6,1.0
46.6,14.8,1.0
46.6,15.0,1.0
46.6,15.2,1.0
46.6,15.4,1.0
46.6,15.6,1.0
46.6,15.8,1.0
46.6,16.0,1.0
46.6,16.2,1.0
46.6,16.4,1.0
46.6,16.6,1.0
46.6,16.8,1.0
46.6,17.0,1.0
46.6,17.2,1.0
46.6,17.4,1.0
46.6,17.6,1.0
46.6,17.8,1.0
46.6,18.0,1.0
46.6,18.2,1.0
46.6,18.4,1.0
46.6,18.6,1.0
46.8,6.6,1.0
46.8,6.8,1.0
46.8,7.0,1.0
46.8,7.2,1.0
46.8,7.4,1.0
46.8,7.6,1.0
46.8,7.8,1.0001
46.8,8.0,1.0135
46.8,8.2,1.0352
46.8,8.4,1.0223
46.8,8.6,1.0267
46.8,8.8,1.0102
46.8,9.0,1.0261
46.8,9.2,1.0678
46.8,9.4,1.0394
46.8,9.6,1.0309
46.8,9.8,1.0293
46.8,10.0,1.0944
46.8,10.2,1.0971
46.8,10.4,1.0805
46.8,10.6,1.0771
46.8,10.8,1.0634
46.8,11.0,1.0009
46.8,11.2,1.1184
46.8,11.4,1.2282
46.8,11.6,1.0601
46.8,11.8,1.0535
46.8,12.0,0.972
46.8,12.2,0.9403
46.8,12.4,0.931
46.8,12.6,0.956
46.8,12.8,0.9553
46.8,13.0,0.9558
46.8,13.2,0.9531
46.8,13.4,0.9393
46.8,13.6,0.9018
46.8,13.8,0.9135
46.8,14.0,0.9702
46.8,14.2,0.9998
46.8,14.4,1.0
46.8,14.6,1.0
46.8,14.8,1.0
46.8,15.0,1.0
46.8,15.2,1.0
46.8,15.4,1.0
46.8,15.6,1.0
46.8,15.8,1.0
46.8,16.0,1.0
46.8,16.2,1.0
46.8,16.4,1.0
46.8,16.6,1.0
46.8,16.8,1.0
46.8,17.0,1.0
46.8,17.2,1.0
46.8,17.4,1.0
46.8,17.6,1.0
46.8,17.8,1.0
46.8,18.0,1.0
46.8,18.2,1.0
46.8,18.4,1.0
46.8,18.6,1.0
47.0,6.6,1.0
47.0,6.8,1.0
47.0,7.0,1.0
47.0,7.2,1.0
47.0,7.4,1.0
47.0,7.6,1.0
47.0,7.8,1.0
47.0,8.0,1.0
47.0,8.2,1.0
47.0,8.4,1.0
47.0,8.6,1.0
47.0,8.8,1.0
47.0,9.0,1.0
47.0,9.2,1.0
47.0,9.4,1.0
47.0,9.6,1.0
47.0,9.8,1.0001
47.0,10.0,1.0269
47.0,10.2,1.0491
47.0,10.4,1.0351
47.0,10.6,0.9866
47.0,10.8,1.0141
47.0,11.0,1.0021
47.0,11.2,0.9973
47.0,11.4,1.0333
47.0,11.6,0.9683
47.0,11.8,0.9975
47.0,12.0,1.0211
47.0,12.2,1.0115
47.0,12.4,1.0055
47.0,12.6,0.9994
47.0,12.8,0.9686
47.0,13.0,0.9694
47.0,13.2,0.9891
47.0,13.4,0.9999
47.0,13.6,1.0
47.0,13.8,1.0
47.0,14.0,1.0
47.0,14.2,1.0
47.0,14.4,1.0
47.0,14.6,1.0
47.0,14.8,1.0
47.0,15.0,1.0
47.0,15.2,1.0
47.0,15.4,1.0
47.0,15.6,1.0
47.0,15.8,1.0
47.0,16.0,1.0
47.0,16.2,1.0
47.0,16.4,1.0
47.0,16.6,1.0
47.0,16.8,1.0
47.0,17.0,1.0
47.0,17.2,1.0
47.0,17.4,1.0
47.0,17.6,1.0
47.0,17.8,1.0
47.0,18.0,1.0
47.0,18.2,1.0
47.0,18.4,1.0
47.0,18.6,1.0
47.2,6.6,1.0
47.2,6.8,1.0
47.2,7.0,1.0
47.2,7.2,1.0
47.2,7.4,1.0
47.2,7.6,1.0
47.2,7.8,1.0
47.2,8.0,1.0
47.2,8.2,1.0
47.2,8.4,1.0
47.2,8.6,1.0
47.2,8.8,1.0
47.2,9.0,1.0
47.2,9.2,1.0
47.2,9.4,1.0
47.2,9.6,1.0
47.2,9.8,1.0
47.2,10.0,1.0001
47.2,10.2,1.0116
47.2,10.4,1.0243
47.2,10.6,0.9886
47.2,10.8,1.0096
47.2,11.0,1.0018
47.2,11.2,1.0087
47.2,11.4,1.0086
47.2,11.6,0.989
47.2,11.8,0.9862
47.2,12.0,0.9973
47.2,12.2,1.0008
47.2,12.4,1.0016
47.2,12.6,1.0017
47.2,12.8,1.0
47.2,13.0,1.0
47.2,13.2,1.0
47.2,13.4,1.0
47.2,13.6,1.0
47.2,13.8,1.0
47.2,14.0,1.0
47.2,14.2,1.0
47.2,14.4,1.0
47.2,14.6,1.0
47.2,14.8,1.0
47.2,15.0,1.0
47.2,15.2,1.0
47.2,15.4,1.0
47.2,15.6,1.0
47.2,15.8,1.0
47.2,16.0,1.0
47.2,16.2,1.0
47.2,16.4,1.0
47.2,16.6,1.0
47.2,16.8,1.0
47.2,17.0,1.0
47.2,17.2,1.0
47.2,17.4,1.0
47.2,17.6,1.0
47.2,17.8,1.0
47.2,18.0,1.0
47.2,18.2,1.0
47.2,18.4,1.0
47.2,18.6,1.0
